time,value
2020-04-09 10:55:01,8837
2020-04-09 11:55:01,10638
2020-04-09 12:55:01,10589
2020-04-09 13:55:01,8794
2020-04-09 14:55:01,14249
2020-04-09 15:55:01,10970
2020-04-09 16:55:01,13858
2020-04-09 17:55:02,15625
2020-04-09 18:55:01,17999
2020-04-09 19:55:02,12222
2020-04-09 20:55:02,7259
2020-04-09 21:55:01,15934
2020-04-09 22:55:01,13701
2020-04-09 23:55:01,10051
2020-04-10 00:55:02,16654
2020-04-10 01:55:02,15799
2020-04-10 02:55:01,11334
2020-04-10 03:55:01,17396
2020-04-10 04:55:01,10595
2020-04-10 05:55:02,12334
2020-04-10 06:55:01,9718
2020-04-10 07:55:01,8460
2020-04-10 08:55:01,7217
2020-04-10 09:55:01,5722
2020-04-10 10:55:01,5877
2020-04-10 11:55:01,6999
2020-04-10 12:55:02,8036
2020-04-10 13:55:02,11484
2020-04-10 14:55:01,15465
2020-04-10 15:55:01,15140
2020-04-10 16:55:01,11149
2020-04-10 17:55:01,8540
2020-04-10 18:55:01,6104
2020-04-10 19:55:01,8267
2020-04-10 20:55:01,5535
2020-04-10 21:55:01,8988
2020-04-10 22:55:01,10216
2020-04-10 23:55:01,17170
2020-04-11 00:55:01,15478
2020-04-11 01:55:01,12802
2020-04-11 02:55:02,17069
2020-04-11 03:55:01,9558
2020-04-11 04:55:01,12507
2020-04-11 05:55:01,7770
2020-04-11 06:55:01,8881
2020-04-11 07:55:01,6009
2020-04-11 08:55:01,4828
2020-04-11 09:55:01,5429
2020-04-11 10:55:01,5710
2020-04-11 11:55:02,7885
2020-04-11 12:55:02,9096
2020-04-11 13:55:01,13941
2020-04-11 14:55:01,13605
2020-04-11 15:55:02,12962
2020-04-11 16:55:01,9031
2020-04-11 17:55:01,10523
2020-04-11 18:55:01,22206
2020-04-11 19:55:01,10064
2020-04-11 20:55:01,9136
2020-04-11 21:55:01,14113
2020-04-11 22:55:01,9340
2020-04-11 23:55:01,8531
2020-04-12 00:55:01,22291
2020-04-12 01:55:02,20416
2020-04-12 02:55:01,12763
2020-04-12 03:55:01,13087
2020-04-12 04:55:01,10409
2020-04-12 05:55:01,12737
2020-04-12 06:55:01,9648
2020-04-12 07:55:01,4649
2020-04-12 08:55:01,5553
2020-04-12 09:55:01,6217
2020-04-12 10:55:01,7861
2020-04-12 11:55:02,10916
2020-04-12 12:55:01,7774
2020-04-12 13:55:01,11299
2020-04-12 14:55:01,14918
2020-04-12 15:55:01,16764
2020-04-12 16:55:01,13899
2020-04-12 17:55:01,11514
2020-04-12 18:55:01,18051
2020-04-12 19:55:02,15335
2020-04-12 20:55:02,8373
2020-04-12 21:55:01,12792
2020-04-12 22:55:01,10476
2020-04-12 23:55:02,10428
2020-04-13 00:55:01,13999
2020-04-13 01:55:01,21162
2020-04-13 02:55:01,10136
2020-04-13 03:55:01,11187
2020-04-13 04:55:01,23126
2020-04-13 05:55:02,11480
2020-04-13 06:55:01,9853
2020-04-13 07:55:02,8037
2020-04-13 08:55:02,7450
2020-04-13 09:55:01,5571
2020-04-13 10:55:01,5356
2020-04-13 11:55:02,11860
2020-04-13 12:55:01,9961
2020-04-13 13:55:01,10314
2020-04-13 14:55:01,18942
2020-04-13 15:55:01,14663
2020-04-13 16:55:02,17775
2020-04-13 17:55:01,15337
2020-04-13 18:55:02,15204
2020-04-13 19:55:02,14592
2020-04-13 20:55:01,15721
2020-04-13 21:55:01,15435
2020-04-13 22:55:01,11546
2020-04-13 23:55:01,21431
2020-04-14 00:55:01,18284
2020-04-14 01:55:01,17439
2020-04-14 02:55:01,16662
2020-04-14 03:55:01,9395
2020-04-14 04:55:01,15143
2020-04-14 05:55:01,5939
2020-04-14 06:55:01,9226
2020-04-14 07:55:01,13461
2020-04-14 08:55:01,6896
2020-04-14 09:55:02,5874
2020-04-14 10:55:01,8624
2020-04-14 11:55:01,9047
2020-04-14 12:55:01,10265
2020-04-14 13:55:01,13727
2020-04-14 14:55:02,7735
2020-04-14 15:55:02,15752
2020-04-14 16:55:02,11627
2020-04-14 17:55:02,1578
2020-04-14 18:55:01,1977
2020-04-14 19:55:01,39490
2020-04-14 20:55:01,18287
2020-04-14 21:55:01,17895
2020-04-14 22:55:01,17292
2020-04-14 23:55:01,14724
2020-04-15 00:55:01,24270
2020-04-15 01:55:01,12210
2020-04-15 02:55:01,21486
2020-04-15 03:55:01,10725
2020-04-15 04:55:01,16085
2020-04-15 05:55:01,10357
2020-04-15 06:55:01,10905
2020-04-15 07:55:01,8523
2020-04-15 08:55:01,5460
2020-04-15 09:55:01,6882
2020-04-15 10:55:01,8159
2020-04-15 11:55:01,12149
2020-04-15 12:55:01,8587
2020-04-15 13:55:01,10518
2020-04-15 14:55:01,12777
2020-04-15 15:55:01,18085
2020-04-15 16:55:01,14714
2020-04-15 17:55:01,13939
2020-04-15 18:55:01,14560
2020-04-15 19:55:01,17063
2020-04-15 20:55:01,11477
2020-04-15 21:55:01,15123
2020-04-15 22:55:02,12748
2020-04-15 23:55:01,8458
2020-04-16 00:55:02,13977
2020-04-16 01:55:02,25123
2020-04-16 02:55:02,17932
2020-04-16 03:55:01,13160
2020-04-16 04:55:01,11285
2020-04-16 05:55:01,7703
2020-04-16 06:55:02,6079
2020-04-16 07:55:01,6768
2020-04-16 08:55:01,3055
2020-04-16 09:55:01,4998
2020-04-16 10:55:01,7133
2020-04-16 11:55:01,5673
2020-04-16 12:55:01,7691
2020-04-16 13:55:01,12316
2020-04-16 14:55:01,10622
2020-04-16 15:55:01,10346
2020-04-16 16:55:01,10776
2020-04-16 17:55:01,9011
2020-04-16 18:55:01,4423
2020-04-16 19:55:01,8164
2020-04-16 20:55:01,20034
2020-04-16 21:55:01,9144
2020-04-16 22:55:01,12913
2020-04-16 23:55:01,12345
2020-04-17 00:55:01,14897
2020-04-17 01:55:01,11318
2020-04-17 02:55:01,11374
2020-04-17 03:55:01,12252
2020-04-17 04:55:01,6801
2020-04-17 05:55:01,8916
2020-04-17 06:55:01,11425
2020-04-17 07:55:01,6621
2020-04-17 08:55:01,5727
2020-04-17 09:55:01,6104
2020-04-17 10:55:01,7136
2020-04-17 11:55:01,6931
2020-04-17 12:55:01,8001
2020-04-17 13:55:01,11478
2020-04-17 14:55:01,9656
2020-04-17 15:55:02,12492
2020-04-17 16:55:01,10696
2020-04-17 17:55:01,10076
2020-04-17 18:55:02,13347
2020-04-17 19:55:01,13669
2020-04-17 20:55:01,9667
2020-04-17 21:55:01,9098
2020-04-17 22:55:01,8302
2020-04-17 23:55:02,1629
2020-04-18 00:55:01,9979
2020-04-18 01:55:01,1781
2020-04-18 02:55:02,17877
2020-04-18 03:55:01,1022
2020-04-18 04:55:01,19254
2020-04-18 05:55:01,13932
2020-04-18 06:55:02,11046
2020-04-18 07:55:02,8942
2020-04-18 08:55:01,3226
2020-04-18 09:55:01,5818
2020-04-18 10:55:01,5790
2020-04-18 11:55:01,6603
2020-04-18 12:55:01,8208
2020-04-18 13:55:01,8141
2020-04-18 14:55:01,11059
2020-04-18 15:55:01,9704
2020-04-18 16:55:01,10496
2020-04-18 17:55:01,9282
2020-04-18 18:55:01,10780
2020-04-18 19:55:01,12631
2020-04-18 20:55:01,8951
2020-04-18 21:55:01,9338
2020-04-18 22:55:01,8508
2020-04-18 23:55:01,12333
2020-04-19 00:55:01,12962
2020-04-19 01:55:01,7710
2020-04-19 02:55:01,11498
2020-04-19 03:55:01,7070
2020-04-19 04:55:02,5416
2020-04-19 05:55:01,7783
2020-04-19 06:55:01,9915
2020-04-19 07:55:01,5486
2020-04-19 08:55:01,5685
2020-04-19 09:55:01,3983
2020-04-19 10:55:01,5251
2020-04-19 11:55:01,7225
2020-04-19 12:55:01,7538
2020-04-19 13:55:01,11330
2020-04-19 14:55:01,8396
2020-04-19 15:55:01,11688
2020-04-19 16:55:01,10623
2020-04-19 17:55:01,5739
2020-04-19 18:55:01,11904
2020-04-19 19:55:01,10672
2020-04-19 20:55:01,6172
2020-04-19 21:55:01,5354
2020-04-19 22:55:01,7286
2020-04-19 23:55:01,16314
2020-04-20 00:55:01,8415
2020-04-20 01:55:01,5925
2020-04-20 02:55:01,5724
2020-04-20 03:55:01,6059
2020-04-20 04:55:01,4490
2020-04-20 05:55:01,6270
2020-04-20 06:55:01,5767
2020-04-20 07:55:02,6665
2020-04-20 08:55:01,4247
2020-04-20 09:55:02,4562
2020-04-20 10:55:01,5733
2020-04-20 11:55:01,6813
2020-04-20 12:55:01,7279
2020-04-20 13:55:01,10278
2020-04-20 14:55:01,6818
2020-04-20 15:55:01,13083
2020-04-20 16:55:01,5880
2020-04-20 17:55:01,8051
2020-04-20 18:55:02,10331
2020-04-20 19:55:02,8490
2020-04-20 20:55:01,6435
2020-04-20 21:55:01,5506
2020-04-20 22:55:01,10103
2020-04-20 23:55:01,9552
2020-04-21 00:55:01,29948
2020-04-21 01:55:01,9416
2020-04-21 02:55:01,9799
2020-04-21 03:55:01,7780
2020-04-21 04:55:01,5004
2020-04-21 05:55:01,4417
2020-04-21 06:55:01,6724
2020-04-21 07:55:01,5002
2020-04-21 08:55:01,4621
2020-04-21 09:55:01,3531
2020-04-21 10:55:01,4953
2020-04-21 11:55:02,6784
2020-04-21 12:55:01,4995
2020-04-21 13:55:01,8111
2020-04-21 14:55:01,9282
2020-04-21 15:55:01,9923
2020-04-21 16:55:01,11315
2020-04-21 17:55:01,8158
2020-04-21 18:55:01,8939
2020-04-21 19:55:01,8790
2020-04-21 20:55:02,7415
2020-04-21 21:55:01,7193
2020-04-21 22:55:01,6575
2020-04-21 23:55:01,23153
2020-04-22 00:55:02,10635
2020-04-22 01:55:02,8754
2020-04-22 02:55:01,11514
2020-04-22 03:55:01,6490
2020-04-22 04:55:01,8423
2020-04-22 05:55:01,8804
2020-04-22 06:55:01,9057
2020-04-22 07:55:01,7874
2020-04-22 08:55:02,5028
2020-04-22 09:55:01,5529
2020-04-22 10:55:02,4418
2020-04-22 11:55:01,5187
2020-04-22 12:55:01,8067
2020-04-22 13:55:01,10279
2020-04-22 14:55:01,9281
2020-04-22 15:55:01,11094
2020-04-22 16:55:02,10814
2020-04-22 17:55:01,8489
2020-04-22 18:55:01,9585
2020-04-22 19:55:01,10780
2020-04-22 20:55:02,4385
2020-04-22 21:55:02,7703
2020-04-22 22:55:01,7156
2020-04-22 23:55:02,19045
2020-04-23 00:55:01,7383
2020-04-23 01:55:01,9942
2020-04-23 02:55:01,7626
2020-04-23 03:55:01,7033
2020-04-23 04:55:01,6053
2020-04-23 05:55:01,6152
2020-04-23 06:55:01,8284
2020-04-23 07:55:01,7559
2020-04-23 08:55:01,6714
2020-04-23 09:55:01,5923
2020-04-23 10:55:02,5358
2020-04-23 11:55:02,7541
2020-04-23 12:55:01,9721
2020-04-23 13:55:01,10541
2020-04-23 14:55:01,12827
2020-04-23 15:55:01,9982
2020-04-23 16:55:01,8987
2020-04-23 17:55:01,8296
2020-04-23 18:55:01,18982
2020-04-23 19:55:01,10858
2020-04-23 20:55:02,6745
2020-04-23 21:55:01,10231
2020-04-23 22:55:02,10948
2020-04-23 23:55:01,11088
2020-04-24 00:55:01,15921
2020-04-24 01:55:02,23593
2020-04-24 02:55:01,11777
2020-04-24 03:55:01,13604
2020-04-24 04:55:02,12192
2020-04-24 05:55:01,8334
2020-04-24 06:55:01,6981
2020-04-24 07:55:01,10332
2020-04-24 08:55:01,7909
2020-04-24 09:55:02,6907
2020-04-24 10:55:01,4289
2020-04-24 11:55:01,8724
2020-04-24 12:55:01,11411
2020-04-24 13:55:01,12879
2020-04-24 14:55:02,11300
2020-04-24 15:55:01,15458
2020-04-24 16:55:01,12623
2020-04-24 17:55:01,7644
2020-04-24 18:55:01,16390
2020-04-24 19:55:01,13944
2020-04-24 20:55:01,14427
2020-04-24 21:55:01,8490
2020-04-24 22:55:02,16935
2020-04-24 23:55:01,18577
2020-04-25 00:55:02,21400
2020-04-25 01:55:01,12510
2020-04-25 02:55:01,13943
2020-04-25 03:55:02,18573
2020-04-25 04:55:01,7999
2020-04-25 05:55:01,10865
2020-04-25 06:55:01,11822
2020-04-25 07:55:01,9936
2020-04-25 08:55:01,7296
2020-04-25 09:55:02,7115
2020-04-25 10:55:01,9045
2020-04-25 11:55:01,9748
2020-04-25 12:55:01,11366
2020-04-25 13:55:01,14094
2020-04-25 14:55:01,12503
2020-04-25 15:55:01,23104
2020-04-25 16:55:01,8518
2020-04-25 17:55:02,3238
2020-04-25 18:55:01,3360
2020-04-25 19:55:01,16826
2020-04-25 20:55:01,98
2020-04-25 21:55:01,39772
2020-04-25 22:55:01,15928
2020-04-25 23:55:01,26376
2020-04-26 00:55:01,13018
2020-04-26 01:55:01,22314
2020-04-26 02:55:01,11669
2020-04-26 03:55:02,16502
2020-04-26 04:55:02,11356
2020-04-26 05:55:01,12500
2020-04-26 06:55:01,9742
2020-04-26 07:55:01,8302
2020-04-26 08:55:01,6237
2020-04-26 09:55:01,6491
2020-04-26 10:55:01,6016
2020-04-26 11:55:01,8774
2020-04-26 12:55:01,9997
2020-04-26 13:55:01,12408
2020-04-26 14:55:01,12315
2020-04-26 15:55:01,16433
2020-04-26 16:55:01,9752
2020-04-26 17:55:01,7564
2020-04-26 18:55:02,12909
2020-04-26 19:55:02,17010
2020-04-26 20:55:01,11784
2020-04-26 21:55:02,8575
2020-04-26 22:55:01,15856
2020-04-26 23:55:02,11742
2020-04-27 00:55:02,18537
2020-04-27 01:55:01,11337
2020-04-27 02:55:01,17413
2020-04-27 03:55:01,10639
2020-04-27 04:55:01,11910
2020-04-27 05:55:01,8312
2020-04-27 06:55:01,6740
2020-04-27 07:55:01,7312
2020-04-27 08:55:01,6735
2020-04-27 09:55:01,6063
2020-04-27 10:55:01,5608
2020-04-27 11:55:01,7390
2020-04-27 12:55:01,7344
2020-04-27 13:55:02,8088
2020-04-27 14:55:01,10627
2020-04-27 15:55:01,11683
2020-04-27 16:55:01,13068
2020-04-27 17:55:01,8967
2020-04-27 18:55:01,12358
2020-04-27 19:55:01,13207
2020-04-27 20:55:01,9775
2020-04-27 21:55:01,10442
2020-04-27 22:55:02,11912
2020-04-27 23:55:02,12077
2020-04-28 00:55:02,14380
2020-04-28 01:55:01,13556
2020-04-28 02:55:01,10706
2020-04-28 03:55:01,9407
2020-04-28 04:55:01,13219
2020-04-28 05:55:01,10881
2020-04-28 06:55:02,8449
2020-04-28 07:55:01,9502
2020-04-28 08:55:02,7794
2020-04-28 09:55:02,7027
2020-04-28 10:55:01,6691
2020-04-28 11:55:01,6231
2020-04-28 12:55:01,8169
2020-04-28 13:55:02,11256
2020-04-28 14:55:02,11547
2020-04-28 15:55:01,13313
2020-04-28 16:55:02,14439
2020-04-28 17:55:01,8474
2020-04-28 18:55:01,14467
2020-04-28 19:55:01,11848
2020-04-28 20:55:01,10544
2020-04-28 21:55:01,10652
2020-04-28 22:55:01,15152
2020-04-28 23:55:01,11031
2020-04-29 00:55:01,19078
2020-04-29 01:55:01,10469
2020-04-29 02:55:01,20135
2020-04-29 03:55:01,11604
2020-04-29 04:55:01,13497
2020-04-29 05:55:02,13688
2020-04-29 06:55:01,11455
2020-04-29 07:55:01,9823
2020-04-29 08:55:01,8734
2020-04-29 09:55:01,7050
2020-04-29 10:55:02,6122
2020-04-29 11:55:01,7096
2020-04-29 12:55:01,9310
2020-04-29 13:55:01,12281
2020-04-29 14:55:01,13025
2020-04-29 15:55:01,10321
2020-04-29 16:55:01,11629
2020-04-29 17:55:01,13889
2020-04-29 18:55:01,21014
2020-04-29 19:55:01,14144
2020-04-29 20:55:01,10350
2020-04-29 21:55:01,8036
2020-04-29 22:55:01,10711
2020-04-29 23:55:01,17264
2020-04-30 00:55:01,16588
2020-04-30 01:55:01,14846
2020-04-30 02:55:01,13240
2020-04-30 03:55:02,15381
2020-04-30 04:55:01,12113
2020-04-30 05:55:01,12619
2020-04-30 06:55:01,12230
2020-04-30 07:55:01,10870
2020-04-30 08:55:01,10121
2020-04-30 09:55:01,8271
2020-04-30 10:55:01,8977
2020-04-30 11:55:01,9681
2020-04-30 12:55:01,12230
2020-04-30 13:55:01,12565
2020-04-30 14:55:01,14215
2020-04-30 15:55:01,13757
2020-04-30 16:55:01,10286
2020-04-30 17:55:02,10835
2020-04-30 18:55:01,21632
2020-04-30 19:55:01,21601
2020-04-30 20:55:01,12787
2020-04-30 21:55:01,12073
2020-04-30 22:55:01,16520
2020-04-30 23:55:01,20238
2020-05-01 00:55:02,14348
2020-05-01 01:55:01,22023
2020-05-01 02:55:01,13984
2020-05-01 03:55:01,13198
2020-05-01 04:55:01,15331
2020-05-01 05:55:01,8002
2020-05-01 06:55:01,14623
2020-05-01 07:55:01,10895
2020-05-01 08:55:02,8524
2020-05-01 09:55:01,8625
2020-05-01 10:55:01,7342
2020-05-01 11:55:01,9709
2020-05-01 12:55:01,13106
2020-05-01 13:55:01,10192
2020-05-01 14:55:01,12630
2020-05-01 15:55:01,20584
2020-05-01 16:55:01,12457
2020-05-01 17:55:01,12600
2020-05-01 18:55:02,20801
2020-05-01 19:55:01,16500
2020-05-01 20:55:01,14668
2020-05-01 21:55:01,12381
2020-05-01 22:55:01,15489
2020-05-01 23:55:01,11842
2020-05-02 00:55:01,27251
2020-05-02 01:55:01,11816
2020-05-02 02:55:01,15814
2020-05-02 03:55:01,14712
2020-05-02 04:55:02,18020
2020-05-02 05:55:01,9434
2020-05-02 06:55:02,7480
2020-05-02 07:55:02,15675
2020-05-02 08:55:01,7721
2020-05-02 09:55:01,9870
2020-05-02 10:55:01,8923
2020-05-02 11:55:01,7370
2020-05-02 12:55:01,10481
2020-05-02 13:55:01,12803
2020-05-02 14:55:02,14134
2020-05-02 15:55:01,19045
2020-05-02 16:55:01,18400
2020-05-02 17:55:02,15056
2020-05-02 18:55:01,14293
2020-05-02 19:55:01,13222
2020-05-02 20:55:01,14085
2020-05-02 21:55:01,9593
2020-05-02 22:55:01,16788
2020-05-02 23:55:02,10393
2020-05-03 00:55:01,20885
2020-05-03 01:55:01,15574
2020-05-03 02:55:01,12060
2020-05-03 03:55:01,11769
2020-05-03 04:55:01,15569
2020-05-03 05:55:01,6715
2020-05-03 06:55:01,12223
2020-05-03 07:55:01,11165
2020-05-03 08:55:01,9106
2020-05-03 09:55:01,9014
2020-05-03 10:55:01,8798
2020-05-03 11:55:01,11288
2020-05-03 12:55:02,11873
2020-05-03 13:55:01,12648
2020-05-03 14:55:01,11298
2020-05-03 15:55:01,13118
2020-05-03 16:55:02,17331
2020-05-03 17:55:01,13946
2020-05-03 18:55:01,13121
2020-05-03 19:55:01,14857
2020-05-03 20:55:02,9914
2020-05-03 21:55:01,13958
2020-05-03 22:55:01,12504
2020-05-03 23:55:01,17997
2020-05-04 00:55:01,21219
2020-05-04 01:55:01,16067
2020-05-04 02:55:01,10567
2020-05-04 03:55:01,15981
2020-05-04 04:55:02,17931
2020-05-04 05:55:01,12789
2020-05-04 06:55:02,11863
2020-05-04 07:55:01,11425
2020-05-04 08:55:01,9745
2020-05-04 09:55:01,8151
2020-05-04 10:55:01,9295
2020-05-04 11:55:02,12058
2020-05-04 12:55:01,14100
2020-05-04 15:55:01,15166
2020-05-04 16:55:01,14015
2020-05-04 17:55:01,12958
2020-05-04 18:55:01,14695
2020-05-04 19:55:01,14507
2020-05-04 20:55:01,12288
2020-05-04 21:55:01,12450
2020-05-04 22:55:01,16731
2020-05-04 23:55:01,17756
2020-05-05 00:55:02,13758
2020-05-05 01:55:01,16234
2020-05-05 02:55:01,8963
2020-05-05 03:55:01,19519
2020-05-05 04:55:01,10733
2020-05-05 05:55:01,10878
2020-05-05 06:55:01,9186
2020-05-05 07:55:01,9270
2020-05-05 08:55:01,8409
2020-05-05 09:55:01,8796
2020-05-05 10:55:01,10584
2020-05-05 11:55:01,9898
2020-05-05 12:55:01,11214
2020-05-05 13:55:02,14542
2020-05-05 14:55:01,13380
2020-05-05 15:55:01,15206
2020-05-05 16:55:01,10632
2020-05-05 17:55:01,8757
2020-05-05 18:55:01,8454
2020-05-05 19:55:01,23382
2020-05-05 20:55:01,10866
2020-05-05 21:55:01,14081
2020-05-05 22:55:01,10189
2020-05-05 23:55:01,21786
2020-05-06 00:55:01,16833
2020-05-06 01:55:01,18526
2020-05-06 02:55:01,19752
2020-05-06 03:55:01,12171
2020-05-06 04:55:01,11881
2020-05-06 05:55:01,13904
2020-05-06 06:55:01,11018
2020-05-06 07:55:02,8487
2020-05-06 08:55:01,12889
2020-05-06 09:55:01,8039
2020-05-06 10:55:01,9474
2020-05-06 11:55:02,11556
2020-05-06 12:55:01,12342
2020-05-06 13:55:01,13114
2020-05-06 14:55:01,18082
2020-05-06 15:55:01,13963
2020-05-06 16:55:01,12888
2020-05-06 17:55:02,7801
2020-05-06 18:55:01,7452
2020-05-06 19:55:01,24038
2020-05-06 20:55:01,10314
2020-05-06 21:55:01,16009
2020-05-06 22:55:01,14674
2020-05-06 23:55:01,14582
2020-05-07 00:55:02,19193
2020-05-07 01:55:01,23713
2020-05-07 02:55:01,20381
2020-05-07 03:55:02,22231
2020-05-07 04:55:01,13370
2020-05-07 05:55:01,11941
2020-05-07 06:55:01,11524
2020-05-07 07:55:01,13454
2020-05-07 08:55:02,10819
2020-05-07 09:55:01,11112
2020-05-07 10:55:02,9200
2020-05-07 11:55:01,11541
2020-05-07 12:55:01,11981
2020-05-07 13:55:01,14610
2020-05-07 14:55:01,16280
2020-05-07 15:55:01,14542
2020-05-07 16:55:01,15432
2020-05-07 17:55:01,12995
2020-05-07 18:55:01,15369
2020-05-07 19:55:01,23102
2020-05-07 20:55:01,10285
2020-05-07 21:55:01,15392
2020-05-07 22:55:01,15644
2020-05-07 23:55:01,16067
2020-05-08 00:55:02,14799
2020-05-08 01:55:01,26072
2020-05-08 02:55:01,20473
2020-05-08 03:55:01,15328
2020-05-08 04:55:01,12433
2020-05-08 05:55:01,17158
2020-05-08 06:55:01,10004
2020-05-08 07:55:01,10960
2020-05-08 08:55:01,10150
2020-05-08 09:55:01,9158
2020-05-08 10:55:01,9739
2020-05-08 11:55:01,8001
2020-05-08 12:55:01,11643
2020-05-08 13:55:01,12695
2020-05-08 14:55:02,14008
2020-05-08 15:55:01,13155
2020-05-08 16:55:01,13221
2020-05-08 17:55:01,11009
2020-05-08 18:55:01,19310
2020-05-08 19:55:01,13599
2020-05-08 20:55:02,17090
2020-05-08 21:55:01,10178
2020-05-08 22:55:01,15959
2020-05-08 23:55:01,16624
2020-05-09 00:55:01,22178
2020-05-09 01:55:01,14764
2020-05-09 02:55:02,15586
2020-05-09 03:55:01,15594
2020-05-09 04:55:01,15242
2020-05-09 05:55:01,11407
2020-05-09 06:55:01,16976
2020-05-09 07:55:01,8517
2020-05-09 08:55:01,11285
2020-05-09 09:55:02,10089
2020-05-09 10:55:01,9047
2020-05-09 11:55:01,10264
2020-05-09 12:55:01,11578
2020-05-09 13:55:01,13174
2020-05-09 14:55:01,14821
2020-05-09 15:55:01,14338
2020-05-09 16:55:01,13691
2020-05-09 17:55:01,11776
2020-05-09 18:55:01,18173
2020-05-09 19:55:01,18335
2020-05-09 20:55:01,12112
2020-05-09 21:55:01,13090
2020-05-09 22:55:01,13378
2020-05-09 23:55:01,14551
2020-05-10 00:55:02,17529
2020-05-10 01:55:01,15103
2020-05-10 02:55:01,17109
2020-05-10 03:55:02,16615
2020-05-10 04:55:01,11177
2020-05-10 05:55:02,17243
2020-05-10 06:55:01,9725
2020-05-10 07:55:01,13908
2020-05-10 08:55:01,8965
2020-05-10 09:55:01,8244
2020-05-10 10:55:01,9060
2020-05-10 11:55:01,7141
2020-05-10 12:55:01,10636
2020-05-10 13:55:01,11552
2020-05-10 14:55:01,12190
2020-05-10 15:55:02,12146
2020-05-10 16:55:01,12344
2020-05-10 17:55:01,11834
2020-05-10 18:55:01,21161
2020-05-10 19:55:01,17215
2020-05-10 20:55:01,9382
2020-05-10 21:55:01,11691
2020-05-10 22:55:02,8188
2020-05-10 23:55:01,18713
2020-05-11 00:55:02,12546
2020-05-11 01:55:01,13317
2020-05-11 02:55:01,21620
2020-05-11 03:55:01,9834
2020-05-11 04:55:02,16891
2020-05-11 05:55:01,9793
2020-05-11 06:55:01,14159
2020-05-11 07:55:01,9484
2020-05-11 08:55:01,9123
2020-05-11 09:55:01,7981
2020-05-11 10:55:01,8475
2020-05-11 11:55:01,7962
2020-05-11 12:55:01,11146
2020-05-11 13:55:01,9143
2020-05-11 14:55:02,11955
2020-05-11 15:55:01,12032
2020-05-11 16:55:01,9862
2020-05-11 17:55:01,8939
2020-05-11 18:55:01,14807
2020-05-11 19:55:01,16353
2020-05-11 20:55:01,10477
2020-05-11 21:55:01,7905
2020-05-11 22:55:01,13001
2020-05-11 23:55:02,14611
2020-05-12 00:55:02,12229
2020-05-12 01:55:01,12128
2020-05-12 02:55:01,15966
2020-05-12 03:55:01,13562
2020-05-12 04:55:01,10192
2020-05-12 05:55:01,11677
2020-05-12 06:55:01,11743
2020-05-12 07:55:01,8620
2020-05-12 08:55:01,7223
2020-05-12 09:55:01,6658
2020-05-12 10:55:01,7183
2020-05-12 11:55:01,6890
2020-05-12 12:55:02,7853
2020-05-12 14:55:01,20158
2020-05-12 15:55:01,11218
2020-05-12 16:55:01,9500
2020-05-12 17:55:01,10829
2020-05-12 18:55:01,9679
2020-05-12 19:55:02,19726
2020-05-12 20:55:01,5892
2020-05-12 21:55:02,9278
2020-05-12 22:55:02,10792
2020-05-12 23:55:01,12338
2020-05-13 00:55:01,14021
2020-05-13 01:55:01,9662
2020-05-13 02:55:01,13454
2020-05-13 03:55:01,15460
2020-05-13 04:55:01,9678
2020-05-13 05:55:01,7809
2020-05-13 06:55:01,12873
2020-05-13 07:55:02,9022
2020-05-13 08:55:02,6518
2020-05-13 09:55:01,5855
2020-05-13 10:55:01,6518
2020-05-13 11:55:01,7159
2020-05-13 12:55:01,10007
2020-05-13 13:55:01,11265
2020-05-13 14:55:01,6862
2020-05-13 15:55:01,17136
2020-05-13 16:55:02,7903
2020-05-13 17:55:01,14383
2020-05-13 18:55:02,11059
2020-05-13 19:55:02,16300
2020-05-13 20:55:01,10775
2020-05-13 21:55:01,7619
2020-05-13 22:55:01,12466
2020-05-13 23:55:02,10128
2020-05-14 00:55:01,16323
2020-05-14 01:55:01,8252
2020-05-14 02:55:01,14912
2020-05-14 03:55:01,8916
2020-05-14 04:55:01,10277
2020-05-14 05:55:01,9213
2020-05-14 06:55:01,6368
2020-05-14 07:55:01,9482
2020-05-14 08:55:01,6366
2020-05-14 09:55:01,5413
2020-05-14 10:55:01,7651
2020-05-14 11:55:01,9365
2020-05-14 12:55:02,10424
2020-05-14 13:55:02,11590
2020-05-14 14:55:01,12728
2020-05-14 15:55:02,9931
2020-05-14 16:55:01,13098
2020-05-14 17:55:01,9354
2020-05-14 18:55:01,15786
2020-05-14 19:55:01,12709
2020-05-14 20:55:01,12385
2020-05-14 21:55:02,5960
2020-05-14 22:55:01,17179
2020-05-14 23:55:01,11610
2020-05-15 00:55:01,17364
2020-05-15 01:55:01,11037
2020-05-15 02:55:01,9604
2020-05-15 03:55:01,14868
2020-05-15 04:55:01,11726
2020-05-15 05:55:01,8297
2020-05-15 06:55:01,10683
2020-05-15 07:55:01,8472
2020-05-15 08:55:01,7141
2020-05-15 09:55:01,6753
2020-05-15 10:55:02,5571
2020-05-15 11:55:02,4272
2020-05-15 12:55:01,10007
2020-05-15 13:55:01,13317
2020-05-15 14:55:01,7173
2020-05-15 15:55:01,12934
2020-05-15 16:55:01,11468
2020-05-15 17:55:01,13524
2020-05-15 18:55:01,11101
2020-05-15 19:55:01,19112
2020-05-15 20:55:01,10620
2020-05-15 21:55:01,9586
2020-05-15 22:55:01,11464
2020-05-15 23:55:01,14406
2020-05-16 00:55:02,13531
2020-05-16 01:55:02,14893
2020-05-16 02:55:01,10179
2020-05-16 03:55:01,9794
2020-05-16 04:55:01,10808
2020-05-16 05:55:01,13379
2020-05-16 06:55:01,10267
2020-05-16 07:55:01,7767
2020-05-16 08:55:02,10039
2020-05-16 09:55:01,7822
2020-05-16 10:55:01,8318
2020-05-16 11:55:01,8142
2020-05-16 12:55:01,9819
2020-05-16 13:55:01,9205
2020-05-16 14:55:01,12182
2020-05-16 15:55:01,15067
2020-05-16 16:55:01,14563
2020-05-16 17:55:01,11374
2020-05-16 18:55:01,13017
2020-05-16 19:55:01,14950
2020-05-16 20:55:01,9940
2020-05-16 21:55:02,10661
2020-05-16 22:55:01,11787
2020-05-16 23:55:01,16443
2020-05-17 00:55:01,10337
2020-05-17 01:55:01,17499
2020-05-17 02:55:01,10528
2020-05-17 03:55:01,9554
2020-05-17 04:55:01,10114
2020-05-17 05:55:01,12410
2020-05-17 06:55:01,7764
2020-05-17 07:55:01,7660
2020-05-17 08:55:02,8014
2020-05-17 09:55:01,6563
2020-05-17 10:55:01,6499
2020-05-17 11:55:01,8511
2020-05-17 12:55:01,8445
2020-05-17 13:55:01,8734
2020-05-17 14:55:02,14375
2020-05-17 15:55:02,18264
2020-05-17 16:55:01,17106
2020-05-17 17:55:01,14914
2020-05-17 18:55:01,14467
2020-05-17 19:55:01,12680
2020-05-17 20:55:02,9425
2020-05-17 21:55:02,7007
2020-05-17 22:55:01,15252
2020-05-17 23:55:01,14716
2020-05-18 00:55:01,16857
2020-05-18 01:55:01,11875
2020-05-18 02:55:01,12947
2020-05-18 03:55:01,11644
2020-05-18 04:55:01,9020
2020-05-18 05:55:01,10607
2020-05-18 06:55:02,8309
2020-05-18 07:55:01,7732
2020-05-18 08:55:01,5974
2020-05-18 09:55:01,5925
2020-05-18 10:55:01,6012
2020-05-18 11:55:01,7579
2020-05-18 12:55:01,9430
2020-05-18 13:55:01,11253
2020-05-18 14:55:01,12830
2020-05-18 15:55:01,14924
2020-05-18 16:55:01,10803
2020-05-18 17:55:01,10388
2020-05-18 18:55:01,15681
2020-05-18 19:55:02,10960
2020-05-18 20:55:01,9908
2020-05-18 21:55:02,12943
2020-05-18 22:55:01,24961
2020-05-18 23:55:01,15758
2020-05-19 00:55:01,15701
2020-05-19 01:55:02,17062
2020-05-19 02:55:02,12804
2020-05-19 03:55:02,14103
2020-05-19 04:55:01,15808
2020-05-19 05:55:01,14903
2020-05-19 06:55:01,12849
2020-05-19 07:55:01,11856
2020-05-19 08:55:01,10852
2020-05-19 09:55:01,10495
2020-05-19 10:55:01,9639
2020-05-19 11:55:01,10151
2020-05-19 12:55:02,12554
2020-05-19 13:55:01,13612
2020-05-19 14:55:01,16696
2020-05-19 15:55:01,19963
2020-05-19 16:55:01,18227
2020-05-19 17:55:01,16808
2020-05-19 18:55:01,17179
2020-05-19 19:55:01,14037
2020-05-19 20:55:01,22522
2020-05-19 21:55:02,12281
2020-05-19 22:55:01,17518
2020-05-19 23:55:01,25414
2020-05-20 00:55:01,13394
2020-05-20 01:55:01,23279
2020-05-20 02:55:01,14293
2020-05-20 03:55:01,14202
2020-05-20 04:55:01,18601
2020-05-20 05:55:01,10628
2020-05-20 06:55:01,14343
2020-05-20 07:55:01,9891
2020-05-20 08:55:02,12211
2020-05-20 09:55:01,9971
2020-05-20 10:55:01,10953
2020-05-20 11:55:01,11443
2020-05-20 12:55:02,13734
2020-05-20 13:55:01,14420
2020-05-20 14:55:01,16688
2020-05-20 15:55:01,15094
2020-05-20 16:55:01,14923
2020-05-20 17:55:02,14284
2020-05-20 18:55:01,21330
2020-05-20 19:55:01,19570
2020-05-20 20:55:01,16668
2020-05-20 21:55:01,15388
2020-05-20 22:55:01,12271
2020-05-20 23:55:01,26817
2020-05-21 00:55:01,14063
2020-05-21 01:55:01,16896
2020-05-21 02:55:01,21735
2020-05-21 03:55:01,12425
2020-05-21 04:55:01,12062
2020-05-21 05:55:01,12252
2020-05-21 06:55:01,15081
2020-05-21 07:55:01,18085
2020-05-21 08:55:01,13932
2020-05-21 09:55:01,10457
2020-05-21 10:55:01,11412
2020-05-21 11:55:01,10688
2020-05-21 12:55:01,17703
2020-05-21 13:55:01,17149
2020-05-21 14:55:01,18552
2020-05-21 15:55:01,21260
2020-05-21 16:55:02,16119
2020-05-21 17:55:02,18753
2020-05-21 18:55:01,20554
2020-05-21 19:55:01,19537
2020-05-21 20:55:01,18832
2020-05-21 21:55:01,19226
2020-05-21 22:55:01,17021
2020-05-21 23:55:01,33762
2020-05-22 00:55:02,33712
2020-05-22 01:55:01,20964
2020-05-22 02:55:01,17721
2020-05-22 03:55:01,27273
2020-05-22 04:55:01,23010
2020-05-22 05:55:01,16681
2020-05-22 06:55:01,13015
2020-05-22 07:55:01,19789
2020-05-22 08:55:01,10336
2020-05-22 09:55:01,11368
2020-05-22 10:55:01,9884
2020-05-22 11:55:01,14212
2020-05-22 12:55:02,15232
2020-05-22 13:55:01,19177
2020-05-22 14:55:02,21700
2020-05-22 15:55:01,19331
2020-05-22 16:55:01,18734
2020-05-22 17:55:01,14218
2020-05-22 18:55:01,23134
2020-05-22 19:55:01,29871
2020-05-22 20:55:01,13917
2020-05-22 21:55:01,15460
2020-05-22 22:55:02,14488
2020-05-22 23:55:01,18813
2020-05-23 00:55:01,27318
2020-05-23 01:55:01,37536
2020-05-23 02:55:01,21146
2020-05-23 03:55:01,16345
2020-05-23 04:55:01,15911
2020-05-23 05:55:01,21380
2020-05-23 06:55:01,11511
2020-05-23 07:55:02,13982
2020-05-23 08:55:01,10847
2020-05-23 09:55:01,10775
2020-05-23 10:55:01,10706
2020-05-23 11:55:02,11629
2020-05-23 12:55:01,16935
2020-05-23 13:55:01,19748
2020-05-23 14:55:01,21202
2020-05-23 15:55:01,13861
2020-05-23 16:55:01,30672
2020-05-23 17:55:01,24552
2020-05-23 18:55:01,33114
2020-05-23 19:55:01,27988
2020-05-23 20:55:02,18683
2020-05-23 21:55:01,17899
2020-05-23 22:55:02,34541
2020-05-23 23:55:01,33569
2020-05-24 00:55:01,22400
2020-05-24 01:55:01,33141
2020-05-24 02:55:02,24588
2020-05-24 03:55:01,20706
2020-05-24 04:55:01,28543
2020-05-24 05:55:01,16068
2020-05-24 06:55:01,15912
2020-05-24 07:55:01,11172
2020-05-24 08:55:01,5536
2020-05-24 09:55:01,11045
2020-05-24 10:55:02,12950
2020-05-24 11:55:01,18257
2020-05-24 12:55:01,19460
2020-05-24 13:55:02,22720
2020-05-24 14:55:01,31109
2020-05-24 15:55:01,25899
2020-05-24 16:55:02,23231
2020-05-24 17:55:01,22066
2020-05-24 18:55:01,27905
2020-05-24 19:55:01,18822
2020-05-24 20:55:01,19349
2020-05-24 21:55:01,27119
2020-05-24 22:55:01,27088
2020-05-24 23:55:02,20256
2020-05-25 00:55:01,26943
2020-05-25 01:55:02,18808
2020-05-25 02:55:01,28791
2020-05-25 03:55:01,14681
2020-05-25 04:55:01,21498
2020-05-25 05:55:01,17971
2020-05-25 06:55:01,14635
2020-05-25 07:55:01,13105
2020-05-25 08:55:01,9863
2020-05-25 09:55:01,10024
2020-05-25 10:55:01,11364
2020-05-25 11:55:01,13935
2020-05-25 12:55:01,17198
2020-05-25 13:55:01,22338
2020-05-25 14:55:01,20205
2020-05-25 15:55:02,23877
2020-05-25 16:55:01,17403
2020-05-25 17:55:01,12457
2020-05-25 18:55:01,35520
2020-05-25 19:55:01,21677
2020-05-25 20:55:01,15257
2020-05-25 21:55:02,24675
2020-05-25 22:55:02,21522
2020-05-25 23:55:01,23294
2020-05-26 00:55:01,29661
2020-05-26 01:55:01,22195
2020-05-26 02:55:01,21675
2020-05-26 03:55:01,26721
2020-05-26 04:55:02,19455
2020-05-26 05:55:01,15763
2020-05-26 06:55:02,16273
2020-05-26 07:55:01,12657
2020-05-26 08:55:01,11868
2020-05-26 09:55:01,11782
2020-05-26 10:55:01,13880
2020-05-26 11:55:01,18501
2020-05-26 12:55:02,16160
2020-05-26 13:55:01,17338
2020-05-26 14:55:01,22449
2020-05-26 15:55:01,24664
2020-05-26 16:55:01,18598
2020-05-26 17:55:02,20911
2020-05-26 18:55:02,34216
2020-05-26 19:55:01,18980
2020-05-26 20:55:01,15788
2020-05-26 21:55:01,19117
2020-05-26 22:55:02,19403
2020-05-26 23:55:01,26031
2020-05-27 00:55:01,21854
2020-05-27 01:55:01,24455
2020-05-27 02:55:01,13204
2020-05-27 03:55:01,22139
2020-05-27 04:55:01,14215
2020-05-27 05:55:01,14695
2020-05-27 06:55:01,13958
2020-05-27 07:55:01,11043
2020-05-27 08:55:01,9242
2020-05-27 09:55:01,8037
2020-05-27 10:55:01,8939
2020-05-27 11:55:02,12943
2020-05-27 12:55:02,12794
2020-05-27 13:55:01,18873
2020-05-27 14:55:01,19768
2020-05-27 15:55:01,17443
2020-05-27 16:55:01,25576
2020-05-27 17:55:01,22138
2020-05-27 18:55:01,22481
2020-05-27 19:55:01,24808
2020-05-27 20:55:01,16254
2020-05-27 21:55:01,23305
2020-05-27 22:55:01,19127
2020-05-27 23:55:01,10625
2020-05-28 00:55:01,23732
2020-05-28 01:55:01,17385
2020-05-28 02:55:01,28306
2020-05-28 03:55:01,23281
2020-05-28 04:55:01,11290
2020-05-28 05:55:01,11686
2020-05-28 06:55:01,12228
2020-05-28 07:55:01,10086
2020-05-28 08:55:02,10050
2020-05-28 09:55:01,8811
2020-05-28 10:55:01,8940
2020-05-28 11:55:02,11144
2020-05-28 12:55:01,11158
2020-05-28 13:55:01,12979
2020-05-28 14:55:02,23761
2020-05-28 15:55:01,20739
2020-05-28 16:55:01,14296
2020-05-28 17:55:01,12566
2020-05-28 18:55:01,20774
2020-05-28 19:55:01,19574
2020-05-28 20:55:02,14745
2020-05-28 21:55:01,13690
2020-05-28 22:55:01,26101
2020-05-28 23:55:01,17333
2020-05-29 00:55:01,23844
2020-05-29 01:55:01,23418
2020-05-29 02:55:01,14247
2020-05-29 03:55:01,15787
2020-05-29 04:55:02,10551
2020-05-29 05:55:01,14751
2020-05-29 06:55:02,14499
2020-05-29 07:55:01,8403
2020-05-29 08:55:02,6878
2020-05-29 09:55:01,7351
2020-05-29 10:55:01,11855
2020-05-29 11:55:01,11582
2020-05-29 12:55:01,13910
2020-05-29 13:55:01,12023
2020-05-29 14:55:01,24795
2020-05-29 15:55:01,25057
2020-05-29 16:55:02,17299
2020-05-29 17:55:01,22469
2020-05-29 18:55:01,22535
2020-05-29 19:55:01,22198
2020-05-29 20:55:01,15996
2020-05-29 21:55:01,20521
2020-05-29 22:55:01,20614
2020-05-29 23:55:01,29859
2020-05-30 00:55:01,21052
2020-05-30 01:55:01,34254
2020-05-30 02:55:02,21248
2020-05-30 03:55:01,19280
2020-05-30 04:55:02,23495
2020-05-30 05:55:01,14034
2020-05-30 06:55:01,14846
2020-05-30 07:55:01,10782
2020-05-30 08:55:01,8644
2020-05-30 09:55:01,6995
2020-05-30 10:55:01,8299
2020-05-30 11:55:01,12605
2020-05-30 12:55:01,13604
2020-05-30 13:55:02,14583
2020-05-30 14:55:02,16624
2020-05-30 15:55:01,24293
2020-05-30 16:55:01,20701
2020-05-30 17:55:02,22440
2020-05-30 18:55:01,30589
2020-05-30 19:55:01,18916
2020-05-30 20:55:01,16827
2020-05-30 21:55:01,17908
2020-05-30 22:55:01,18714
2020-05-30 23:55:01,21528
2020-05-31 00:55:01,19815
2020-05-31 01:55:01,24936
2020-05-31 02:55:01,13033
2020-05-31 03:55:01,29418
2020-05-31 04:55:01,15832
2020-05-31 05:55:01,20070
2020-05-31 06:55:01,14990
2020-05-31 07:55:01,12700
2020-05-31 08:55:01,9722
2020-05-31 09:55:01,8343
2020-05-31 10:55:01,9570
2020-05-31 11:55:01,13111
2020-05-31 12:55:01,22288
2020-05-31 13:55:01,29084
2020-05-31 14:55:01,24905
2020-05-31 15:55:02,28675
2020-05-31 16:55:01,18907
2020-05-31 17:55:02,21859
2020-05-31 18:55:01,29544
2020-05-31 19:55:01,27952
2020-05-31 20:55:01,22309
2020-05-31 21:55:01,25161
2020-05-31 22:55:02,22533
2020-05-31 23:55:01,24095
2020-06-01 00:55:01,25804
2020-06-01 01:55:01,29445
2020-06-01 02:55:01,15843
2020-06-01 03:55:02,23220
2020-06-01 04:55:01,15667
2020-06-01 05:55:02,15627
2020-06-01 06:55:01,23591
2020-06-01 07:55:01,11556
2020-06-01 08:55:02,10787
2020-06-01 09:55:01,11748
2020-06-01 10:55:02,16368
2020-06-01 11:55:01,12943
2020-06-01 12:55:01,21659
2020-06-01 13:55:02,15748
2020-06-01 14:55:01,20382
2020-06-01 15:55:01,32413
2020-06-01 16:55:01,9787
2020-06-01 17:55:01,8996
2020-06-01 18:55:01,20264
2020-06-01 19:55:01,39080
2020-06-01 20:55:01,19889
2020-06-01 21:55:02,19371
2020-06-01 22:55:02,15952
2020-06-01 23:55:01,29426
2020-06-02 00:55:01,24020
2020-06-02 01:55:01,30223
2020-06-02 02:55:01,25602
2020-06-02 03:55:01,14742
2020-06-02 04:55:01,16651
2020-06-02 05:55:02,15414
2020-06-02 06:55:01,13429
2020-06-02 07:55:01,9310
2020-06-02 08:55:01,5621
2020-06-02 09:55:01,6126
2020-06-02 10:55:01,6855
2020-06-02 11:55:01,13948
2020-06-02 12:55:02,17636
2020-06-02 13:55:01,19654
2020-06-02 14:55:02,24223
2020-06-02 15:55:01,27508
2020-06-02 16:55:01,30969
2020-06-02 17:55:02,25659
2020-06-02 18:55:01,26187
2020-06-02 19:55:01,33034
2020-06-02 20:55:01,25743
2020-06-02 21:55:02,23268
2020-06-02 22:55:01,21523
2020-06-02 23:55:01,44841
2020-06-03 00:55:01,25666
2020-06-03 01:55:02,38717
2020-06-03 02:55:01,31141
2020-06-03 03:55:01,21960
2020-06-03 04:55:01,21501
2020-06-03 05:55:01,27937
2020-06-03 06:55:01,15497
2020-06-03 07:55:01,20948
2020-06-03 08:55:02,12241
2020-06-03 09:55:01,9729
2020-06-03 10:55:01,11118
2020-06-03 11:55:01,11569
2020-06-03 12:55:02,16045
2020-06-03 13:55:01,22289
2020-06-03 14:55:01,26919
2020-06-03 15:55:01,26673
2020-06-03 16:55:01,27943
2020-06-03 17:55:01,21269
2020-06-03 18:55:01,29014
2020-06-03 19:55:01,31008
2020-06-03 20:55:01,19541
2020-06-03 21:55:01,22575
2020-06-03 22:55:01,27210
2020-06-03 23:55:01,34418
2020-06-04 00:55:01,25101
2020-06-04 01:55:01,28367
2020-06-04 02:55:01,17268
2020-06-04 03:55:01,23263
2020-06-04 04:55:01,38077
2020-06-04 05:55:01,30336
2020-06-04 06:55:01,30641
2020-06-04 07:55:01,20497
2020-06-04 08:55:01,23221
2020-06-04 09:55:01,15600
2020-06-04 10:55:01,13219
2020-06-04 11:55:01,19910
2020-06-04 12:55:01,21689
2020-06-04 13:55:01,31203
2020-06-04 14:55:02,30919
2020-06-04 15:55:01,39033
2020-06-04 16:55:01,32148
2020-06-04 17:55:01,30681
2020-06-04 18:55:01,38323
2020-06-04 19:55:01,47678
2020-06-04 20:55:01,30784
2020-06-04 21:55:01,30734
2020-06-04 22:55:01,32342
2020-06-04 23:55:01,57405
2020-06-05 00:55:01,37806
2020-06-05 01:55:02,39252
2020-06-05 02:55:01,49166
2020-06-05 03:55:01,43281
2020-06-05 04:55:02,28176
2020-06-05 05:55:01,25166
2020-06-05 06:55:01,39037
2020-06-05 07:55:01,24372
2020-06-05 08:55:02,18952
2020-06-05 09:55:02,17009
2020-06-05 10:55:01,17263
2020-06-05 11:55:01,22137
2020-06-05 12:55:01,24113
2020-06-05 13:55:01,29171
2020-06-05 14:55:02,35428
2020-06-05 15:55:01,40570
2020-06-05 16:55:02,29682
2020-06-05 17:55:01,27302
2020-06-05 18:55:01,59445
2020-06-05 19:55:01,39494
2020-06-05 20:55:02,28172
2020-06-05 21:55:01,33856
2020-06-05 22:55:01,35364
2020-06-05 23:55:01,32237
2020-06-06 00:55:01,41296
2020-06-06 01:55:01,48223
2020-06-06 02:55:01,35279
2020-06-06 03:55:02,44387
2020-06-06 04:55:01,25223
2020-06-06 05:55:01,30136
2020-06-06 06:55:01,26116
2020-06-06 07:55:01,23499
2020-06-06 08:55:01,19369
2020-06-06 09:55:01,15790
2020-06-06 10:55:01,13390
2020-06-06 11:55:02,19509
2020-06-06 12:55:01,17417
2020-06-06 13:55:01,28605
2020-06-06 14:55:02,31912
2020-06-06 15:55:02,37327
2020-06-06 16:55:01,31369
2020-06-06 17:55:01,25865
2020-06-06 18:55:01,35301
2020-06-06 19:55:01,36096
2020-06-06 20:55:01,30239
2020-06-06 21:55:01,22392
2020-06-06 22:55:01,39029
2020-06-06 23:55:01,24640
2020-06-07 00:55:01,26936
2020-06-07 01:55:01,58790
2020-06-07 02:55:01,32692
2020-06-07 03:55:01,30266
2020-06-07 04:55:01,30503
2020-06-07 05:55:01,26932
2020-06-07 06:55:01,18936
2020-06-07 07:55:01,18094
2020-06-07 08:55:01,14613
2020-06-07 09:55:01,12689
2020-06-07 10:55:01,14006
2020-06-07 11:55:02,17922
2020-06-07 12:55:01,21186
2020-06-07 13:55:01,20921
2020-06-07 14:55:01,31982
2020-06-07 15:55:01,36947
2020-06-07 16:55:01,27564
2020-06-07 17:55:01,27439
2020-06-07 18:55:01,41571
2020-06-07 19:55:01,21558
2020-06-07 20:55:01,21910
2020-06-07 21:55:01,25294
2020-06-07 22:55:01,27711
2020-06-07 23:55:01,29349
2020-06-08 00:55:01,26868
2020-06-08 01:55:01,34725
2020-06-08 02:55:02,25613
2020-06-08 03:55:01,21934
2020-06-08 04:55:01,29227
2020-06-08 05:55:01,17918
2020-06-08 06:55:01,17697
2020-06-08 07:55:01,15301
2020-06-08 08:55:01,11660
2020-06-08 09:55:02,11161
2020-06-08 10:55:01,11037
2020-06-08 11:55:01,13642
2020-06-08 12:55:02,17964
2020-06-08 13:55:02,18557
2020-06-08 14:55:01,18880
2020-06-08 15:55:01,26952
2020-06-08 16:55:01,19716
2020-06-08 17:55:01,17879
2020-06-08 18:55:01,30547
2020-06-08 19:55:01,25585
2020-06-08 20:55:01,20413
2020-06-08 21:55:01,15763
2020-06-08 22:55:01,26953
2020-06-08 23:55:01,23338
2020-06-09 00:55:01,23132
2020-06-09 01:55:02,26708
2020-06-09 02:55:01,24006
2020-06-09 03:55:01,28450
2020-06-09 04:55:02,27279
2020-06-09 05:55:01,30436
2020-06-09 06:55:01,14374
2020-06-09 07:55:01,41268
2020-06-09 08:55:01,21911
2020-06-09 09:55:01,13138
2020-06-09 10:55:02,16475
2020-06-09 11:55:01,20123
2020-06-09 12:55:01,17946
2020-06-09 13:55:02,21835
2020-06-09 14:55:01,26314
2020-06-09 15:55:01,27372
2020-06-09 16:55:01,24203
2020-06-09 17:55:01,24132
2020-06-09 18:55:02,35097
2020-06-09 19:55:01,30840
2020-06-09 20:55:01,23289
2020-06-09 21:55:01,25538
2020-06-09 22:55:01,33422
2020-06-09 23:55:01,19250
2020-06-10 00:55:02,47571
2020-06-10 01:55:01,26671
2020-06-10 02:55:01,31372
2020-06-10 03:55:01,42950
2020-06-10 04:55:02,21527
2020-06-10 05:55:01,29508
2020-06-10 06:55:02,24460
2020-06-10 07:55:01,22933
2020-06-10 08:55:01,16418
2020-06-10 09:55:01,15913
2020-06-10 10:55:01,15270
2020-06-10 11:55:01,16166
2020-06-10 12:55:01,18989
2020-06-10 13:55:01,23345
2020-06-10 14:55:02,27076
2020-06-10 15:55:02,23246
2020-06-10 16:55:01,22241
2020-06-10 17:55:01,23092
2020-06-10 18:55:01,34156
2020-06-10 19:55:01,31926
2020-06-10 20:55:01,26055
2020-06-10 21:55:01,19635
2020-06-10 22:55:01,32047
2020-06-10 23:55:01,21680
2020-06-11 00:55:02,47684
2020-06-11 01:55:01,30486
2020-06-11 02:55:01,27053
2020-06-11 03:55:01,40883
2020-06-11 04:55:01,19271
2020-06-11 05:55:01,35227
2020-06-11 06:55:01,21717
2020-06-11 07:55:01,24628
2020-06-11 08:55:01,16220
2020-06-11 09:55:01,12710
2020-06-11 10:55:01,9908
2020-06-11 11:55:01,14674
2020-06-11 12:55:02,17743
2020-06-11 13:55:02,14509
2020-06-11 14:55:01,17251
2020-06-11 15:55:01,26619
2020-06-11 16:55:02,23409
2020-06-11 17:55:01,21171
2020-06-11 18:55:01,22013
2020-06-11 19:55:01,29590
2020-06-11 20:55:01,20996
2020-06-11 21:55:02,19303
2020-06-11 22:55:01,27611
2020-06-11 23:55:01,22223
2020-06-12 00:55:01,23959
2020-06-12 01:55:02,35782
2020-06-12 02:55:01,24272
2020-06-12 03:55:01,25957
2020-06-12 04:55:01,22926
2020-06-12 05:55:01,20350
2020-06-12 06:55:01,15027
2020-06-12 07:55:01,17760
2020-06-12 08:55:01,16102
2020-06-12 09:55:01,11718
2020-06-12 10:55:01,10479
2020-06-12 11:55:02,14358
2020-06-12 12:55:01,11918
2020-06-12 13:55:01,16725
2020-06-12 14:55:01,19834
2020-06-12 15:55:01,16117
2020-06-12 16:55:01,11873
2020-06-12 17:55:01,16088
2020-06-12 18:55:01,25347
2020-06-12 19:55:01,27423
2020-06-12 20:55:01,24818
2020-06-12 21:55:01,14426
2020-06-12 22:55:01,25175
2020-06-12 23:55:01,16899
2020-06-13 01:55:01,30650
2020-06-13 02:55:02,26773
2020-06-13 03:55:02,14859
2020-06-13 05:55:01,19720
2020-06-13 06:55:01,14696
2020-06-13 07:55:01,10822
2020-06-13 08:55:01,9381
2020-06-13 09:55:02,9894
2020-06-13 10:55:01,9771
2020-06-13 11:55:01,17011
2020-06-13 12:55:01,16784
2020-06-13 13:55:01,22551
2020-06-13 14:55:02,25672
2020-06-13 15:55:01,27022
2020-06-13 16:55:01,20591
2020-06-13 17:55:01,19183
2020-06-13 18:55:01,30482
2020-06-13 19:55:01,27613
2020-06-13 20:55:01,18338
2020-06-13 21:55:02,17160
2020-06-13 22:55:01,20421
2020-06-13 23:55:01,26616
2020-06-14 00:55:02,31094
2020-06-14 01:55:01,17574
2020-06-14 02:55:01,29118
2020-06-14 03:55:01,19208
2020-06-14 04:55:01,17443
2020-06-14 05:55:01,19384
2020-06-14 06:55:01,13658
2020-06-14 07:55:01,15201
2020-06-14 08:55:02,15638
2020-06-14 09:55:01,13834
2020-06-14 10:55:01,12213
2020-06-14 11:55:02,18403
2020-06-14 12:55:01,15335
2020-06-14 13:55:01,20754
2020-06-14 14:55:01,22441
2020-06-14 15:55:01,29171
2020-06-14 16:55:01,26669
2020-06-14 17:55:01,21981
2020-06-14 18:55:01,29463
2020-06-14 19:55:02,35235
2020-06-14 20:55:01,18240
2020-06-14 21:55:01,20686
2020-06-14 22:55:01,23347
2020-06-14 23:55:02,31773
2020-06-15 00:55:01,17172
2020-06-15 01:55:01,31492
2020-06-15 02:55:01,23005
2020-06-15 03:55:02,28632
2020-06-15 04:55:01,21661
2020-06-15 05:55:01,16371
2020-06-15 06:55:01,18925
2020-06-15 07:55:01,15761
2020-06-15 08:55:02,12154
2020-06-15 09:55:01,9782
2020-06-15 10:55:02,10864
2020-06-15 11:55:02,9789
2020-06-15 12:55:02,12286
2020-06-15 13:55:01,17467
2020-06-15 14:55:01,20266
2020-06-15 15:55:01,20222
2020-06-15 16:55:01,19280
2020-06-15 17:55:01,20710
2020-06-15 18:55:02,39460
2020-06-15 19:55:02,19856
2020-06-15 20:55:01,16533
2020-06-15 21:55:01,15016
2020-06-15 22:55:01,22396
2020-06-15 23:55:01,24034
2020-06-16 00:55:01,38785
2020-06-16 01:55:02,23315
2020-06-16 02:55:02,24145
2020-06-16 03:55:01,32338
2020-06-16 04:55:01,19354
2020-06-16 05:55:01,15057
2020-06-16 06:55:01,25952
2020-06-16 07:55:01,15471
2020-06-16 08:55:01,17424
2020-06-16 09:55:02,11927
2020-06-16 10:55:02,11663
2020-06-16 11:55:01,13274
2020-06-16 12:55:01,11857
2020-06-16 13:55:01,16697
2020-06-16 14:55:01,15227
2020-06-16 15:55:01,13738
2020-06-16 16:55:01,17955
2020-06-16 17:55:01,12986
2020-06-16 18:55:01,14717
2020-06-16 19:55:01,24676
2020-06-16 20:55:01,17091
2020-06-16 21:55:01,12766
2020-06-16 22:55:01,20544
2020-06-16 23:55:01,18463
2020-06-17 00:55:02,23451
2020-06-17 01:55:01,16798
2020-06-17 02:55:01,17659
2020-06-17 03:55:01,8496
2020-06-17 04:55:01,14834
2020-06-17 05:55:01,20201
2020-06-17 06:55:01,26640
2020-06-17 07:55:01,16789
2020-06-17 08:55:01,12563
2020-06-17 09:55:01,9248
2020-06-17 10:55:02,10216
2020-06-17 11:55:01,11672
2020-06-17 12:55:01,13532
2020-06-17 13:55:02,12530
2020-06-17 14:55:01,19084
2020-06-17 15:55:01,10953
2020-06-17 16:55:01,17654
2020-06-17 17:55:01,15416
2020-06-17 18:55:01,13981
2020-06-17 19:55:02,30405
2020-06-17 20:55:01,10166
2020-06-17 21:55:01,20617
2020-06-17 22:55:01,15083
2020-06-17 23:55:01,22552
2020-06-18 00:55:01,17061
2020-06-18 01:55:01,17990
2020-06-18 02:55:01,20371
2020-06-18 03:55:01,23437
2020-06-18 04:55:02,15276
2020-06-18 05:55:02,18950
2020-06-18 06:55:01,20754
2020-06-18 07:55:01,18480
2020-06-18 08:55:01,14609
2020-06-18 09:55:01,10974
2020-06-18 10:55:02,12187
2020-06-18 11:55:01,16122
2020-06-18 12:55:01,18501
2020-06-18 13:55:01,20687
2020-06-18 14:55:01,19921
2020-06-18 15:55:01,21877
2020-06-18 16:55:01,27299
2020-06-18 17:55:01,23614
2020-06-18 18:55:01,22882
2020-06-18 19:55:01,29571
2020-06-18 20:55:01,16607
2020-06-18 21:55:01,33886
2020-06-18 22:55:01,19112
2020-06-18 23:55:01,32813
2020-06-19 00:55:01,33652
2020-06-19 01:55:01,21115
2020-06-19 02:55:01,21648
2020-06-19 03:55:01,21700
2020-06-19 04:55:02,22941
2020-06-19 05:55:01,23966
2020-06-19 06:55:01,18757
2020-06-19 07:55:01,19479
2020-06-19 08:55:01,11623
2020-06-19 09:55:01,9374
2020-06-19 10:55:01,9747
2020-06-19 11:55:01,12940
2020-06-19 12:55:01,15527
2020-06-19 13:55:01,19283
2020-06-19 14:55:01,21072
2020-06-19 15:55:02,15418
2020-06-19 16:55:01,19909
2020-06-19 17:55:01,15894
2020-06-19 18:55:01,16646
2020-06-19 19:55:01,38900
2020-06-19 20:55:01,12971
2020-06-19 21:55:01,26716
2020-06-19 22:55:01,15859
2020-06-19 23:55:01,35635
2020-06-20 00:55:02,23437
2020-06-20 01:55:01,19943
2020-06-20 02:55:01,25515
2020-06-20 03:55:01,24671
2020-06-20 04:55:01,18037
2020-06-20 05:55:01,19047
2020-06-20 06:55:01,17679
2020-06-20 07:55:02,21944
2020-06-20 08:55:01,9605
2020-06-20 09:55:01,7643
2020-06-20 10:55:01,8666
2020-06-20 11:55:01,7276
2020-06-20 12:55:01,10035
2020-06-20 13:55:01,24943
2020-06-20 14:55:01,20124
2020-06-20 15:55:01,20754
2020-06-20 16:55:01,18666
2020-06-20 17:55:02,11482
2020-06-20 18:55:01,22559
2020-06-20 19:55:01,23790
2020-06-20 20:55:01,16444
2020-06-20 21:55:01,13592
2020-06-20 22:55:01,19721
2020-06-20 23:55:01,20848
2020-06-21 00:55:02,14653
2020-06-21 01:55:02,24881
2020-06-21 02:55:01,20975
2020-06-21 03:55:01,14024
2020-06-21 04:55:01,16577
2020-06-21 05:55:01,12116
2020-06-21 06:55:01,10068
2020-06-21 07:55:01,6422
2020-06-21 08:55:01,6418
2020-06-21 09:55:01,4912
2020-06-21 10:55:01,9010
2020-06-21 11:55:01,9926
2020-06-21 12:55:01,12048
2020-06-21 13:55:01,13300
2020-06-21 14:55:01,14034
2020-06-21 15:55:01,10810
2020-06-21 16:55:01,12283
2020-06-21 17:55:02,12993
2020-06-21 18:55:01,23857
2020-06-21 19:55:01,10950
2020-06-21 20:55:02,11618
2020-06-21 21:55:01,12955
2020-06-21 22:55:01,13571
2020-06-21 23:55:01,17326
2020-06-22 00:55:02,14856
2020-06-22 01:55:01,13488
2020-06-22 02:55:01,9616
2020-06-22 03:55:01,15483
2020-06-22 04:55:02,8663
2020-06-22 05:55:01,7762
2020-06-22 06:55:01,9288
2020-06-22 07:55:02,5777
2020-06-22 08:55:01,5416
2020-06-22 09:55:01,4481
2020-06-22 10:55:01,5144
2020-06-22 11:55:01,7982
2020-06-22 12:55:01,10154
2020-06-22 13:55:01,9896
2020-06-22 14:55:01,9432
2020-06-22 15:55:02,12887
2020-06-22 16:55:01,7670
2020-06-22 17:55:02,9123
2020-06-22 18:55:01,15711
2020-06-22 19:55:01,11152
2020-06-22 20:55:02,9754
2020-06-22 21:55:01,8451
2020-06-22 22:55:01,13263
2020-06-22 23:55:01,13096
2020-06-23 00:55:01,13464
2020-06-23 01:55:01,13544
2020-06-23 02:55:01,8002
2020-06-23 03:55:02,11316
2020-06-23 04:55:01,10477
2020-06-23 05:55:01,7401
2020-06-23 06:55:01,7336
2020-06-23 07:55:01,6906
2020-06-23 08:55:01,6527
2020-06-23 09:55:01,6121
2020-06-23 10:55:01,6576
2020-06-23 11:55:01,8825
2020-06-23 12:55:01,10010
2020-06-23 13:55:01,11630
2020-06-23 14:55:01,11058
2020-06-23 15:55:01,11148
2020-06-23 16:55:01,11891
2020-06-23 17:55:01,13112
2020-06-23 18:55:02,20133
2020-06-23 19:55:01,6920
2020-06-23 20:55:01,1455
2020-06-23 21:55:01,598
2020-06-23 22:55:01,35337
2020-06-23 23:55:01,18241
2020-06-24 00:55:01,12356
2020-06-24 01:55:01,19502
2020-06-24 02:55:01,19543
2020-06-24 03:55:02,10875
2020-06-24 04:55:01,16728
2020-06-24 05:55:02,6214
2020-06-24 06:55:01,17371
2020-06-24 07:55:01,12625
2020-06-24 08:55:01,8255
2020-06-24 09:55:01,7567
2020-06-24 10:55:01,8588
2020-06-24 11:55:01,9584
2020-06-24 12:55:01,9679
2020-06-24 13:55:01,13877
2020-06-24 14:55:02,16854
2020-06-24 17:55:01,14418
2020-06-24 18:55:01,15659
2020-06-24 19:55:02,17621
2020-06-24 20:55:02,17090
2020-06-24 21:55:01,15752
2020-06-24 22:55:01,13169
2020-06-24 23:55:01,14582
2020-06-25 00:55:01,25105
2020-06-25 01:55:01,14234
2020-06-25 02:55:01,22937
2020-06-25 03:55:01,24473
2020-06-25 04:55:01,19066
2020-06-25 05:55:01,10121
2020-06-25 06:55:01,15735
2020-06-25 07:55:01,10923
2020-06-25 08:55:01,9165
2020-06-25 09:55:01,6670
2020-06-25 10:55:01,7521
2020-06-25 11:55:01,9606
2020-06-25 12:55:01,14416
2020-06-25 13:55:01,15444
2020-06-25 17:55:02,13195
2020-06-25 18:55:01,21404
2020-06-25 19:55:01,15895
2020-06-25 20:55:01,17300
2020-06-25 21:55:01,13189
2020-06-25 22:55:02,21316
2020-06-25 23:55:01,19548
2020-06-26 00:55:01,26358
2020-06-26 01:55:01,20627
2020-06-26 02:55:01,14824
2020-06-26 03:55:01,11156
2020-06-26 04:55:01,16908
2020-06-26 05:55:01,13982
2020-06-26 06:55:01,14693
2020-06-26 07:55:01,14945
2020-06-26 08:55:02,13510
2020-06-26 09:55:01,8873
2020-06-26 10:55:01,7027
2020-06-26 11:55:01,10466
2020-06-26 12:55:01,11153
2020-06-26 13:55:02,11672
2020-06-26 17:55:01,11684
2020-06-26 18:55:01,20633
2020-06-26 19:55:01,17723
2020-06-26 20:55:01,17622
2020-06-26 21:55:01,11749
2020-06-26 22:55:02,15985
2020-06-26 23:55:02,18319
2020-06-27 00:55:02,30836
2020-06-27 01:55:01,19108
2020-06-27 02:55:01,16954
2020-06-27 03:55:01,18363
2020-06-27 04:55:01,18115
2020-06-27 05:55:02,15778
2020-06-27 06:55:01,16976
2020-06-27 07:55:02,22725
2020-06-27 08:55:01,8570
2020-06-27 09:55:01,15722
2020-06-27 10:55:01,10631
2020-06-27 11:55:01,8028
2020-06-27 12:55:01,8803
2020-06-27 13:55:01,24190
2020-06-27 17:55:01,15954
2020-06-27 18:55:01,15316
2020-06-27 19:55:02,24277
2020-06-27 20:55:01,19342
2020-06-27 21:55:01,13161
2020-06-27 22:55:01,19741
2020-06-27 23:55:01,21159
2020-06-28 00:55:01,21608
2020-06-28 01:55:01,18800
2020-06-28 02:55:01,22128
2020-06-28 03:55:01,23547
2020-06-28 04:55:01,14009
2020-06-28 05:55:02,13156
2020-06-28 06:55:02,11963
2020-06-28 07:55:01,10669
2020-06-28 08:55:01,8904
2020-06-28 09:55:01,8717
2020-06-28 10:55:01,8442
2020-06-28 11:55:01,11623
2020-06-28 12:55:01,20240
2020-06-28 13:55:01,17814
2020-06-28 17:55:01,16636
2020-06-28 18:55:01,22146
2020-06-28 19:55:01,17007
2020-06-28 20:55:01,13389
2020-06-28 21:55:02,14279
2020-06-28 22:55:02,19830
2020-06-28 23:55:01,17945
2020-06-29 00:55:01,20792
2020-06-29 01:55:01,10770
2020-06-29 02:55:01,9898
2020-06-29 03:55:01,14718
2020-06-29 04:55:02,15496
2020-06-29 05:55:01,11353
2020-06-29 06:55:02,15222
2020-06-29 07:55:01,11259
2020-06-29 08:55:01,13391
2020-06-29 09:55:01,7578
2020-06-29 10:55:01,10703
2020-06-29 11:55:01,11440
2020-06-29 12:55:01,12210
2020-06-29 13:55:02,12805
2020-06-29 17:55:01,14161
2020-06-29 18:55:01,18919
2020-06-29 19:55:01,8959
2020-06-29 20:55:01,13091
2020-06-29 21:55:01,17146
2020-06-29 22:55:02,13029
2020-06-29 23:55:01,21067
2020-06-30 00:55:01,15431
2020-06-30 03:55:02,13787
2020-06-30 04:55:02,8163
2020-06-30 05:55:01,38004
2020-06-30 06:55:01,17774
2020-06-30 07:55:01,10745
2020-06-30 08:55:01,8258
2020-06-30 09:55:01,8195
2020-06-30 10:55:01,7660
2020-06-30 11:55:01,5712
2020-06-30 12:55:01,8371
2020-06-30 13:55:01,13440
2020-06-30 17:55:01,12218
2020-06-30 18:55:01,18920
2020-06-30 19:55:01,13509
2020-06-30 20:55:01,9377
2020-06-30 21:55:01,9927
2020-06-30 22:55:02,18526
2020-06-30 23:55:01,13957
2020-07-01 00:55:01,16390
2020-07-01 01:55:01,23779
2020-07-01 02:55:01,18425
2020-07-01 03:55:01,12661
2020-07-01 04:55:01,17930
2020-07-01 05:55:01,17009
2020-07-01 06:55:01,14605
2020-07-01 07:55:02,12781
2020-07-01 08:55:01,9612
2020-07-01 09:55:01,10607
2020-07-01 10:55:01,9438
2020-07-01 11:55:02,8737
2020-07-01 12:55:01,13830
2020-07-01 13:55:01,15630
2020-07-01 17:55:01,17737
2020-07-01 18:55:01,15391
2020-07-01 19:55:01,29882
2020-07-01 20:55:01,17896
2020-07-01 21:55:01,16499
2020-07-01 22:55:01,16163
2020-07-01 23:55:01,23636
2020-07-02 00:55:02,13513
2020-07-02 01:55:01,15497
2020-07-02 02:55:01,6660
2020-07-02 03:55:01,38409
2020-07-02 04:55:01,24637
2020-07-02 05:55:02,13553
2020-07-02 06:55:01,20588
2020-07-02 07:55:01,12070
2020-07-02 08:55:01,9059
2020-07-02 09:55:01,9694
2020-07-02 10:55:01,7911
2020-07-02 11:55:02,5614
2020-07-02 12:55:01,12298
2020-07-02 13:55:01,17604
2020-07-02 17:55:01,11105
2020-07-02 18:55:02,15672
2020-07-02 19:55:01,27034
2020-07-02 20:55:02,14510
2020-07-02 21:55:01,10411
2020-07-02 22:55:01,25925
2020-07-02 23:55:02,18638
2020-07-03 00:55:01,25569
2020-07-03 01:55:01,20539
2020-07-03 02:55:01,17218
2020-07-03 03:55:01,23923
2020-07-03 04:55:01,14821
2020-07-03 05:55:01,15011
2020-07-03 06:55:01,14519
2020-07-03 07:55:01,10049
2020-07-03 08:55:02,9164
2020-07-03 09:55:02,6068
2020-07-03 10:55:01,9737
2020-07-03 11:55:01,5161
2020-07-03 12:55:01,10755
2020-07-03 13:55:01,18085
2020-07-03 14:55:01,13899
2020-07-03 15:55:01,15268
2020-07-03 16:55:01,15137
2020-07-03 17:55:01,13469
2020-07-03 18:55:01,23813
2020-07-03 19:55:01,14982
2020-07-03 20:55:01,11133
2020-07-03 21:55:02,13288
2020-07-03 22:55:01,13157
2020-07-03 23:55:02,24682
2020-07-04 00:55:02,15066
2020-07-04 01:55:01,25502
2020-07-04 02:55:01,12530
2020-07-04 03:55:01,22036
2020-07-04 04:55:01,20387
2020-07-04 05:55:01,16160
2020-07-04 06:55:01,15230
2020-07-04 07:55:01,15474
2020-07-04 08:55:01,12458
2020-07-04 09:55:01,11609
2020-07-04 10:55:01,14297
2020-07-04 11:55:01,12302
2020-07-04 12:55:01,16672
2020-07-04 13:55:01,20477
2020-07-04 17:55:01,22844
2020-07-04 18:55:01,44028
2020-07-04 19:55:01,18569
2020-07-04 20:55:01,21441
2020-07-04 21:55:01,21366
2020-07-04 22:55:01,28297
2020-07-04 23:55:01,30215
2020-07-05 00:55:01,27704
2020-07-05 01:55:01,29814
2020-07-05 02:55:01,24894
2020-07-05 03:55:01,19467
2020-07-05 04:55:01,15344
2020-07-05 05:55:01,13401
2020-07-05 06:55:01,13228
2020-07-05 07:55:01,11312
2020-07-05 08:55:01,9839
2020-07-05 09:55:01,8767
2020-07-05 10:55:01,8794
2020-07-05 11:55:01,13808
2020-07-05 12:55:01,15351
2020-07-05 13:55:01,17075
2020-07-05 17:55:02,19369
2020-07-05 18:55:01,30357
2020-07-05 19:55:01,19085
2020-07-05 20:55:01,23456
2020-07-05 21:55:02,21695
2020-07-05 22:55:01,21300
2020-07-05 23:55:02,24498
2020-07-06 00:55:01,30880
2020-07-06 01:55:01,30023
2020-07-06 02:55:02,24577
2020-07-06 03:55:01,23836
2020-07-06 04:55:01,22835
2020-07-06 05:55:01,20035
2020-07-06 06:55:01,19899
2020-07-06 07:55:01,16817
2020-07-06 08:55:01,13130
2020-07-06 09:55:01,12320
2020-07-06 10:55:01,12887
2020-07-06 11:55:02,10361
2020-07-06 12:55:01,18555
2020-07-06 13:55:01,22601
2020-07-06 17:55:02,18032
2020-07-06 18:55:01,37180
2020-07-06 19:55:01,14782
2020-07-06 20:55:01,21093
2020-07-06 21:55:02,15511
2020-07-06 22:55:02,27268
2020-07-06 23:55:01,29372
2020-07-07 00:55:01,28978
2020-07-07 01:55:02,25907
2020-07-07 02:55:02,31945
2020-07-07 03:55:01,21383
2020-07-07 04:55:01,13371
2020-07-07 05:55:01,14774
2020-07-07 06:55:01,14035
2020-07-07 07:55:01,10800
2020-07-07 08:55:01,10245
2020-07-07 09:55:01,7608
2020-07-07 10:55:01,7910
2020-07-07 11:55:01,11169
2020-07-07 12:55:01,14627
2020-07-07 13:55:01,18027
2020-07-07 17:55:02,15196
2020-07-07 18:55:01,36591
2020-07-07 19:55:01,18282
2020-07-07 20:55:01,17948
2020-07-07 21:55:01,18310
2020-07-07 22:55:02,23896
2020-07-07 23:55:01,22463
2020-07-08 00:55:01,19553
2020-07-08 01:55:01,27227
2020-07-08 02:55:01,16462
2020-07-08 03:55:01,24286
2020-07-08 04:55:01,15645
2020-07-08 05:55:01,17254
2020-07-08 06:55:01,15355
2020-07-08 07:55:01,13342
2020-07-08 08:55:01,12314
2020-07-08 09:55:01,8735
2020-07-08 10:55:02,11369
2020-07-08 11:55:02,11279
2020-07-08 12:55:02,15843
2020-07-08 13:55:01,18684
2020-07-08 17:55:01,16895
2020-07-08 18:55:01,34298
2020-07-08 19:55:02,20416
2020-07-08 20:55:02,19578
2020-07-08 21:55:01,21765
2020-07-08 22:55:01,23548
2020-07-08 23:55:02,20132
2020-07-09 00:55:02,30456
2020-07-09 01:55:01,19782
2020-07-09 02:55:01,24231
2020-07-09 03:55:01,24917
2020-07-09 04:55:01,17956
2020-07-09 05:55:01,17721
2020-07-09 06:55:01,16687
2020-07-09 07:55:01,13825
2020-07-09 08:55:01,11051
2020-07-09 09:55:01,8201
2020-07-09 10:55:02,15875
2020-07-09 11:55:01,21918
2020-07-09 12:55:02,30437
2020-07-09 13:55:01,22307
2020-07-09 17:55:01,28100
2020-07-09 18:55:01,39362
2020-07-09 19:55:01,51364
2020-07-09 20:55:01,33704
2020-07-09 21:55:01,27334
2020-07-09 22:55:02,33480
2020-07-09 23:55:01,34967
2020-07-10 00:55:01,49588
2020-07-10 01:55:02,31316
2020-07-10 02:55:01,50397
2020-07-10 03:55:01,57161
2020-07-10 04:55:01,29209
2020-07-10 05:55:01,33851
2020-07-10 06:55:01,25341
2020-07-10 07:55:01,23016
2020-07-10 08:55:02,19246
2020-07-10 09:55:01,17463
2020-07-10 10:55:01,16253
2020-07-10 11:55:01,15820
2020-07-10 12:55:01,29195
2020-07-10 13:55:01,29764
2020-07-10 17:55:02,24058
2020-07-10 18:55:01,43546
2020-07-10 19:55:01,51269
2020-07-10 20:55:01,35677
2020-07-10 21:55:01,29141
2020-07-10 22:55:01,30835
2020-07-10 23:55:02,44357
2020-07-11 00:55:01,43985
2020-07-11 01:55:02,37308
2020-07-11 02:55:01,46245
2020-07-11 03:55:01,24080
2020-07-11 04:55:01,22872
2020-07-11 05:55:01,31658
2020-07-11 06:55:01,22064
2020-07-11 07:55:01,21235
2020-07-11 08:55:01,17565
2020-07-11 09:55:01,12718
2020-07-11 10:55:01,11391
2020-07-11 11:55:01,12584
2020-07-11 12:55:01,23186
2020-07-11 13:55:01,22988
2020-07-11 17:55:01,21386
2020-07-11 18:55:01,41660
2020-07-11 19:55:01,23979
2020-07-11 20:55:01,19070
2020-07-11 21:55:01,17608
2020-07-11 22:55:01,26576
2020-07-11 23:55:02,29363
2020-07-12 00:55:01,32864
2020-07-12 01:55:01,32099
2020-07-12 02:55:01,23355
2020-07-12 03:55:01,32307
2020-07-12 04:55:01,21493
2020-07-12 05:55:01,20278
2020-07-12 06:55:01,17360
2020-07-12 07:55:01,20176
2020-07-12 08:55:01,16901
2020-07-12 09:55:01,13498
2020-07-12 10:55:01,12416
2020-07-12 11:55:01,14776
2020-07-12 12:55:01,22759
2020-07-12 13:55:01,20124
2020-07-12 17:55:02,26948
2020-07-12 18:55:01,29005
2020-07-12 19:55:01,40858
2020-07-12 20:55:01,27081
2020-07-12 21:55:02,17088
2020-07-12 22:55:01,31825
2020-07-12 23:55:01,34306
2020-07-13 00:55:01,32807
2020-07-13 01:55:02,36963
2020-07-13 02:55:01,30099
2020-07-13 03:55:01,33836
2020-07-13 04:55:01,17559
2020-07-13 05:55:01,22684
2020-07-13 06:55:01,16378
2020-07-13 07:55:01,15257
2020-07-13 08:55:01,11952
2020-07-13 09:55:02,12345
2020-07-13 10:55:01,10160
2020-07-13 11:55:02,12850
2020-07-13 12:55:01,18864
2020-07-13 13:55:01,15153
2020-07-13 17:55:01,22185
2020-07-13 18:55:02,26810
2020-07-13 19:55:01,37224
2020-07-13 20:55:01,25519
2020-07-13 21:55:02,20012
2020-07-13 22:55:01,31639
2020-07-13 23:55:01,32734
2020-07-14 00:55:01,24707
2020-07-14 01:55:01,35936
2020-07-14 02:55:02,40864
2020-07-14 03:55:01,18852
2020-07-14 04:55:02,28085
2020-07-14 05:55:01,18810
2020-07-14 06:55:02,17594
2020-07-14 07:55:01,17662
2020-07-14 08:55:01,18933
2020-07-14 09:55:02,8089
2020-07-14 10:55:01,12862
2020-07-14 11:55:01,12368
2020-07-14 12:55:01,19353
2020-07-14 13:55:01,25593
2020-07-14 17:55:01,28549
2020-07-14 18:55:01,50541
2020-07-14 19:55:01,24065
2020-07-14 20:55:01,23003
2020-07-14 21:55:01,21556
2020-07-14 22:55:01,23442
2020-07-14 23:55:01,37877
2020-07-15 00:55:02,25180
2020-07-15 01:55:01,38572
2020-07-15 02:55:01,32063
2020-07-15 03:55:01,21216
2020-07-15 04:55:01,35244
2020-07-15 05:55:01,32739
2020-07-15 06:55:01,33224
2020-07-15 07:55:01,27089
2020-07-15 08:55:01,21142
2020-07-15 09:55:01,18225
2020-07-15 10:55:02,20667
2020-07-15 11:55:01,24278
2020-07-15 12:55:01,22959
2020-07-15 13:55:01,25603
2020-07-15 17:55:01,29687
2020-07-15 18:55:01,34143
2020-07-15 19:55:01,55661
2020-07-15 20:55:01,22245
2020-07-15 21:55:01,38460
2020-07-15 22:55:01,46751
2020-07-15 23:55:02,33730
2020-07-16 00:55:02,58810
2020-07-16 01:55:01,32659
2020-07-16 02:55:01,54927
2020-07-16 03:55:01,35243
2020-07-16 04:55:01,24613
2020-07-16 05:55:01,33437
2020-07-16 06:55:01,2460
2020-07-16 07:55:01,15182
2020-07-16 08:55:02,23742
2020-07-16 09:55:01,19192
2020-07-16 10:55:01,12393
2020-07-16 11:55:01,18760
2020-07-16 12:55:02,20163
2020-07-16 13:55:01,20619
2020-07-16 14:55:01,21071
2020-07-16 17:55:01,17647
2020-07-16 18:55:02,27106
2020-07-16 19:55:01,56416
2020-07-16 20:55:01,18008
2020-07-16 21:55:02,21100
2020-07-16 22:55:01,19008
2020-07-16 23:55:01,31751
2020-07-17 00:55:02,18197
2020-07-17 01:55:01,31923
2020-07-17 02:55:01,27991
2020-07-17 03:55:01,27640
2020-07-17 04:55:01,20149
2020-07-17 05:55:01,22416
2020-07-17 06:55:01,18502
2020-07-17 07:55:01,20300
2020-07-17 08:55:02,29739
2020-07-17 09:55:01,17597
2020-07-17 10:55:01,13391
2020-07-17 11:55:01,14147
2020-07-17 12:55:01,19458
2020-07-17 13:55:01,21792
2020-07-17 17:55:01,24596
2020-07-17 18:55:02,26566
2020-07-17 19:55:02,46850
2020-07-17 20:55:01,26964
2020-07-17 21:55:02,21495
2020-07-17 22:55:01,27768
2020-07-17 23:55:01,36659
2020-07-18 00:55:01,40997
2020-07-18 01:55:01,2731
2020-07-18 02:55:02,49608
2020-07-18 03:55:02,39664
2020-07-18 04:55:01,46169
2020-07-18 05:55:01,29965
2020-07-18 06:55:01,27530
2020-07-18 07:55:01,27830
2020-07-18 08:55:02,19162
2020-07-18 09:55:01,14903
2020-07-18 10:55:02,16199
2020-07-18 11:55:01,19696
2020-07-18 12:55:01,25842
2020-07-18 13:55:01,22723
2020-07-18 17:55:01,36045
2020-07-18 18:55:02,47042
2020-07-18 19:55:01,34579
2020-07-18 20:55:01,24488
2020-07-18 21:55:01,25650
2020-07-18 22:55:01,20944
2020-07-18 23:55:01,31181
2020-07-19 00:55:01,35167
2020-07-19 01:55:01,38464
2020-07-19 02:55:01,40826
2020-07-19 03:55:01,48876
2020-07-19 04:55:01,38552
2020-07-19 05:55:01,34356
2020-07-19 06:55:01,26478
2020-07-19 07:55:01,20919
2020-07-19 08:55:02,15648
2020-07-19 09:55:01,14788
2020-07-19 10:55:01,14790
2020-07-19 11:55:02,17617
2020-07-19 12:55:01,24340
2020-07-19 13:55:01,26442
2020-07-19 17:55:02,22132
2020-07-19 18:55:01,40513
2020-07-19 19:55:01,43187
2020-07-19 20:55:01,30728
2020-07-19 21:55:01,18684
2020-07-19 22:55:01,41349
2020-07-19 23:55:01,33934
2020-07-20 00:55:02,35204
2020-07-20 01:55:01,34907
2020-07-20 02:55:01,51745
2020-07-20 03:55:01,34965
2020-07-20 04:55:01,23537
2020-07-20 05:55:01,36443
2020-07-20 06:55:01,26917
2020-07-20 07:55:01,17257
2020-07-20 08:55:02,18616
2020-07-20 09:55:01,13945
2020-07-20 10:55:01,12863
2020-07-20 11:55:01,17555
2020-07-20 12:55:01,20332
2020-07-20 13:55:01,17548
2020-07-20 17:55:01,23149
2020-07-20 18:55:01,35920
2020-07-20 19:55:01,25977
2020-07-20 20:55:01,21067
2020-07-20 21:55:02,19418
2020-07-20 22:55:01,21134
2020-07-20 23:55:02,45718
2020-07-21 00:55:01,25918
2020-07-21 01:55:01,45176
2020-07-21 02:55:01,24418
2020-07-21 03:55:01,29414
2020-07-21 04:55:01,36130
2020-07-21 05:55:01,28105
2020-07-21 06:55:01,28953
2020-07-21 07:55:02,21319
2020-07-21 08:55:02,16036
2020-07-21 09:55:01,13375
2020-07-21 10:55:02,15444
2020-07-21 11:55:01,18217
2020-07-21 12:55:01,23548
2020-07-21 13:55:01,24263
2020-07-21 17:55:02,26140
2020-07-21 18:55:01,46843
2020-07-21 19:55:01,29743
2020-07-21 20:55:01,27833
2020-07-21 21:55:01,20418
2020-07-21 22:55:01,33635
2020-07-21 23:55:02,40769
2020-07-22 00:55:01,36133
2020-07-22 01:55:01,43424
2020-07-22 02:55:02,46312
2020-07-22 03:55:01,26307
2020-07-22 04:55:01,44367
2020-07-22 05:55:01,27289
2020-07-22 06:55:01,23928
2020-07-22 07:55:01,22665
2020-07-22 08:55:01,17763
2020-07-22 09:55:01,21223
2020-07-22 10:55:01,16826
2020-07-22 11:55:01,17934
2020-07-22 12:55:02,25273
2020-07-22 13:55:01,35802
2020-07-22 17:55:01,29228
2020-07-22 18:55:01,48407
2020-07-22 19:55:01,40227
2020-07-22 20:55:01,31415
2020-07-22 21:55:01,28706
2020-07-22 22:55:01,43903
2020-07-22 23:55:01,37151
2020-07-23 00:55:01,52523
2020-07-23 01:55:01,45489
2020-07-23 02:55:02,32663
2020-07-23 03:55:01,30512
2020-07-23 04:55:01,41118
2020-07-23 05:55:01,42980
2020-07-23 06:55:01,33010
2020-07-23 07:55:01,32093
2020-07-23 08:55:01,37702
2020-07-23 09:55:01,29720
2020-07-23 10:55:01,29073
2020-07-23 11:55:01,28530
2020-07-23 12:55:01,36273
2020-07-23 13:55:01,40247
2020-07-23 17:55:01,32640
2020-07-23 18:55:01,74787
2020-07-23 19:55:01,17561
2020-07-23 20:55:01,30746
2020-07-23 21:55:01,51428
2020-07-23 22:55:01,50731
2020-07-23 23:55:01,50447
2020-07-24 00:55:02,75573
2020-07-24 01:55:01,48911
2020-07-24 02:55:02,43409
2020-07-24 03:55:01,48646
2020-07-24 04:55:02,49440
2020-07-24 05:55:02,52375
2020-07-24 06:55:01,42504
2020-07-24 07:55:01,36715
2020-07-24 08:55:01,23812
2020-07-24 09:55:01,22173
2020-07-24 10:55:01,17904
2020-07-24 11:55:01,29513
2020-07-24 12:55:01,29991
2020-07-24 13:55:02,23389
2020-07-24 14:55:01,52379
2020-07-24 17:55:01,54989
2020-07-24 18:55:01,67994
2020-07-24 19:55:01,47207
2020-07-24 20:55:01,33830
2020-07-24 21:55:01,31555
2020-07-24 22:55:01,52628
2020-07-24 23:55:01,46532
2020-07-25 00:55:02,57228
2020-07-25 01:55:01,72560
2020-07-25 02:55:01,36803
2020-07-25 03:55:01,34995
2020-07-25 04:55:01,47137
2020-07-25 05:55:01,43069
2020-07-25 06:55:01,47486
2020-07-25 07:55:01,47515
2020-07-25 08:55:01,31897
2020-07-25 09:55:01,20998
2020-07-25 10:55:01,26293
2020-07-25 11:55:01,23399
2020-07-25 12:55:01,41003
2020-07-25 13:55:01,38238
2020-07-25 14:55:01,34575
2020-07-25 15:55:02,31568
2020-07-25 16:55:01,34749
2020-07-25 17:55:01,34267
2020-07-25 18:55:01,62577
2020-07-25 19:55:01,30920
2020-07-25 20:55:01,30227
2020-07-25 21:55:01,21197
2020-07-25 22:55:01,36335
2020-07-25 23:55:02,20427
2020-07-26 00:55:01,29785
2020-07-26 01:55:01,42216
2020-07-26 02:55:01,56178
2020-07-26 03:55:01,29706
2020-07-26 04:55:01,35628
2020-07-26 05:55:01,28942
2020-07-26 06:55:01,28585
2020-07-26 07:55:01,18450
2020-07-26 08:55:01,26588
2020-07-26 09:55:01,19516
2020-07-26 10:55:01,17049
2020-07-26 11:55:02,19796
2020-07-26 12:55:01,26499
2020-07-26 13:55:01,34222
2020-07-26 14:55:01,30135
2020-07-26 15:55:01,25765
2020-07-26 16:55:01,38572
2020-07-26 17:55:02,30507
2020-07-26 18:55:01,48565
2020-07-26 19:55:01,43250
2020-07-26 20:55:01,25671
2020-07-26 21:55:01,18535
2020-07-26 22:55:01,35819
2020-07-26 23:55:01,28365
2020-07-27 00:55:01,55251
2020-07-27 01:55:01,30212
2020-07-27 02:55:01,56103
2020-07-27 03:55:02,27016
2020-07-27 04:55:01,41264
2020-07-27 05:55:01,35067
2020-07-27 06:55:01,29348
2020-07-27 07:55:01,25148
2020-07-27 08:55:01,17402
2020-07-27 09:55:02,17582
2020-07-27 10:55:01,15150
2020-07-27 11:55:01,19796
2020-07-27 12:55:01,17162
2020-07-27 13:55:01,25760
2020-07-27 14:55:02,25474
2020-07-27 15:55:01,28445
2020-07-27 16:55:01,28718
2020-07-27 17:55:01,25689
2020-07-27 18:55:02,40810
2020-07-27 19:55:01,27117
2020-07-27 20:55:02,20213
2020-07-27 21:55:01,17125
2020-07-27 22:55:02,41779
2020-07-27 23:55:01,27551
2020-07-28 00:55:02,44862
2020-07-28 01:55:01,32660
2020-07-28 02:55:01,40524
2020-07-28 03:55:01,30577
2020-07-28 04:55:01,31414
2020-07-28 05:55:01,2709
2020-07-28 06:55:01,17107
2020-07-28 07:55:01,21299
2020-07-28 08:55:01,26267
2020-07-28 09:55:01,19619
2020-07-28 10:55:01,29408
2020-07-28 11:55:02,38872
2020-07-28 12:55:01,28674
2020-07-28 13:55:02,30548
2020-07-28 14:55:01,25401
2020-07-28 15:55:01,33890
2020-07-28 16:55:01,33704
2020-07-28 17:55:01,28286
2020-07-28 18:55:02,43544
2020-07-28 19:55:01,34003
2020-07-28 20:55:01,30548
2020-07-28 21:55:01,29124
2020-07-28 22:55:01,8182
2020-07-28 23:55:01,65488
2020-07-29 00:55:01,29919
2020-07-29 01:55:01,49062
2020-07-29 02:55:01,42021
2020-07-29 03:55:01,24785
2020-07-29 04:55:01,33053
2020-07-29 05:55:01,19206
2020-07-29 06:55:01,45910
2020-07-29 07:55:01,33827
2020-07-29 08:55:02,19764
2020-07-29 09:55:01,17652
2020-07-29 10:55:02,15426
2020-07-29 11:55:01,19025
2020-07-29 12:55:01,21180
2020-07-29 13:55:01,24069
2020-07-29 14:55:01,26543
2020-07-29 15:55:01,26396
2020-07-29 16:55:01,22902
2020-07-29 17:55:01,30448
2020-07-29 18:55:01,54913
2020-07-29 19:55:01,24198
2020-07-29 20:55:01,21957
2020-07-29 21:28:07,21055
2020-07-29 21:55:01,15711
2020-07-29 22:55:01,35638
2020-07-29 23:55:01,31246
2020-07-30 00:55:01,39606
2020-07-30 01:55:01,39420
2020-07-30 02:55:01,26344
2020-07-30 03:55:01,17777
2020-07-30 04:55:01,20103
2020-07-30 05:55:02,15607
2020-07-30 06:55:01,18598
2020-07-30 07:55:02,17835
2020-07-30 08:55:01,16468
2020-07-30 09:55:01,16501
2020-07-30 10:55:02,15613
2020-07-30 11:55:01,21320
2020-07-30 12:55:01,24394
2020-07-30 13:55:01,22936
2020-07-30 14:55:01,21065
2020-07-30 15:55:02,24821
2020-07-30 16:55:01,23766
2020-07-30 17:55:01,27427
2020-07-30 18:55:02,29270
2020-07-30 19:55:01,12380
2020-07-30 20:55:02,21724
2020-07-30 21:55:01,34873
2020-07-30 22:55:01,42480
2020-07-30 23:55:01,44866
2020-07-31 00:55:01,29173
2020-07-31 01:55:01,30381
2020-07-31 02:55:01,33288
2020-07-31 03:55:01,25213
2020-07-31 04:55:01,18945
2020-07-31 05:55:01,19656
2020-07-31 06:55:01,20240
2020-07-31 07:55:01,18668
2020-07-31 08:55:01,18773
2020-07-31 09:55:01,16997
2020-07-31 10:55:01,16792
2020-07-31 11:55:02,29036
2020-07-31 12:55:01,24204
2020-07-31 13:55:02,28757
2020-07-31 14:55:02,26615
2020-07-31 15:55:01,36535
2020-07-31 16:55:01,26067
2020-07-31 17:55:01,36013
2020-07-31 18:55:01,39068
2020-07-31 19:55:02,21748
2020-07-31 20:55:02,30184
2020-07-31 21:55:02,31482
2020-07-31 22:55:01,29031
2020-07-31 23:55:01,26427
2020-08-01 00:55:01,44444
2020-08-01 01:55:01,43585
2020-08-01 02:55:01,36157
2020-08-01 03:55:01,29206
2020-08-01 04:55:01,29907
2020-08-01 05:55:01,25320
2020-08-01 06:55:01,21038
2020-08-01 07:55:01,18583
2020-08-01 08:55:02,15294
2020-08-01 09:55:01,16762
2020-08-01 10:55:02,17224
2020-08-01 11:55:01,19692
2020-08-01 12:55:02,24958
2020-08-01 13:55:01,28246
2020-08-01 14:55:01,22721
2020-08-01 15:55:01,27562
2020-08-01 16:55:01,27537
2020-08-01 17:55:01,37043
2020-08-01 18:55:01,46215
2020-08-01 19:55:02,24596
2020-08-01 20:55:01,28887
2020-08-01 21:55:01,32625
2020-08-01 22:55:01,40708
2020-08-01 23:55:01,40773
2020-08-02 00:55:01,38674
2020-08-02 01:55:01,30949
2020-08-02 02:55:01,31974
2020-08-02 03:55:01,29165
2020-08-02 04:55:01,23987
2020-08-02 05:55:01,21067
2020-08-02 06:55:01,22013
2020-08-02 07:55:01,17608
2020-08-02 08:55:01,18142
2020-08-02 09:55:02,16800
2020-08-02 10:55:01,19498
2020-08-02 11:55:02,24551
2020-08-02 12:55:01,31925
2020-08-02 13:55:01,31778
2020-08-02 14:55:02,33380
2020-08-02 15:55:01,29258
2020-08-02 16:55:02,36727
2020-08-02 17:55:01,37532
2020-08-02 18:55:01,32977
2020-08-02 19:55:01,23325
2020-08-02 20:55:01,24156
2020-08-02 21:55:02,33838
2020-08-02 22:55:01,34546
2020-08-02 23:55:01,37038
2020-08-03 00:55:02,39577
2020-08-03 01:55:01,31491
2020-08-03 02:55:01,27484
2020-08-03 03:55:02,26506
2020-08-03 04:55:01,24970
2020-08-03 05:55:02,23474
2020-08-03 06:55:01,23635
2020-08-03 07:55:01,21505
2020-08-03 08:55:01,17463
2020-08-03 09:55:01,16567
2020-08-03 10:55:01,25192
2020-08-03 11:55:01,20596
2020-08-03 12:55:01,23878
2020-08-03 13:55:01,26526
2020-08-03 14:55:01,33800
2020-08-03 15:55:01,29979
2020-08-03 16:55:01,29676
2020-08-03 17:55:01,34345
2020-08-03 18:55:02,30168
2020-08-03 19:55:01,22819
2020-08-03 20:55:01,29873
2020-08-03 21:55:01,31866
2020-08-03 22:55:01,39736
2020-08-03 23:55:01,40846
2020-08-04 00:55:01,34458
2020-08-04 01:55:01,36656
2020-08-04 02:55:01,32671
2020-08-04 03:55:01,30952
2020-08-04 04:55:01,29432
2020-08-04 05:55:01,25409
2020-08-04 06:55:01,19482
2020-08-04 07:55:01,16987
2020-08-04 08:55:01,13359
2020-08-04 09:55:01,19977
2020-08-04 10:55:01,19290
2020-08-04 11:55:02,18511
2020-08-04 12:55:01,25611
2020-08-04 13:55:01,25683
2020-08-04 14:55:01,21994
2020-08-04 15:55:01,27000
2020-08-04 16:55:01,29127
2020-08-04 17:55:01,35672
2020-08-04 18:55:01,36056
2020-08-04 19:55:01,21014
2020-08-04 20:55:01,26521
2020-08-04 21:55:01,33523
2020-08-04 22:55:01,31922
2020-08-04 23:55:01,50364
2020-08-05 00:55:01,52400
2020-08-05 01:55:01,38985
2020-08-05 02:55:02,32962
2020-08-05 03:55:01,26780
2020-08-05 04:55:01,25141
2020-08-05 05:55:01,23899
2020-08-05 06:55:01,22745
2020-08-05 07:55:01,17706
2020-08-05 08:55:01,16221
2020-08-05 09:55:01,14887
2020-08-05 10:55:01,17347
2020-08-05 11:55:02,21227
2020-08-05 12:55:01,19080
2020-08-05 13:55:01,20169
2020-08-05 14:55:02,29431
2020-08-05 15:55:01,24142
2020-08-05 16:55:01,20016
2020-08-05 17:55:01,33084
2020-08-05 18:55:01,34493
2020-08-05 19:55:01,22041
2020-08-05 20:55:01,27114
2020-08-05 21:55:01,31461
2020-08-05 22:55:02,38744
2020-08-05 23:55:01,34241
2020-08-06 00:55:01,36786
2020-08-06 01:55:01,28231
2020-08-06 02:55:02,24023
2020-08-06 03:55:01,22191
2020-08-06 04:55:01,21206
2020-08-06 05:55:01,19124
2020-08-06 06:55:01,20101
2020-08-06 07:55:02,14327
2020-08-06 08:55:01,11912
2020-08-06 09:55:02,15803
2020-08-06 10:55:01,15975
2020-08-06 11:55:01,18735
2020-08-06 12:55:01,19766
2020-08-06 13:55:01,20323
2020-08-06 14:55:01,21720
2020-08-06 15:55:01,24816
2020-08-06 16:55:01,23122
2020-08-06 17:55:01,31921
2020-08-06 18:55:01,29053
2020-08-06 19:55:01,21032
2020-08-06 20:55:01,22221
2020-08-06 21:55:02,28794
2020-08-06 22:55:01,26617
2020-08-06 23:55:02,34447
2020-08-07 00:55:01,28268
2020-08-07 01:55:02,26721
2020-08-07 02:55:01,25151
2020-08-07 03:55:01,21383
2020-08-07 04:55:01,17189
2020-08-07 05:55:01,21583
2020-08-07 06:55:01,16399
2020-08-07 07:55:01,15832
2020-08-07 08:55:01,11800
2020-08-07 09:55:01,13524
2020-08-07 10:55:01,14120
2020-08-07 11:55:01,20184
2020-08-07 12:55:01,26381
2020-08-07 13:55:02,21745
2020-08-07 14:55:01,22087
2020-08-07 15:55:01,28327
2020-08-07 16:55:02,20172
2020-08-07 17:55:02,20261
2020-08-07 18:55:01,33121
2020-08-07 19:55:01,23440
2020-08-07 20:55:01,21636
2020-08-07 21:55:01,28946
2020-08-07 22:55:01,32723
2020-08-07 23:55:01,36201
2020-08-08 00:55:01,35740
2020-08-08 01:55:01,25659
2020-08-08 02:55:01,31103
2020-08-08 03:55:02,23976
2020-08-08 04:55:01,23601
2020-08-08 05:55:02,19866
2020-08-08 06:55:01,17516
2020-08-08 07:55:01,18602
2020-08-08 08:55:02,16806
2020-08-08 09:55:01,15107
2020-08-08 10:55:01,16262
2020-08-08 11:55:01,16636
2020-08-08 12:55:02,21586
2020-08-08 13:55:01,25252
2020-08-08 14:55:01,24996
2020-08-08 15:55:01,23455
2020-08-08 16:55:01,22468
2020-08-08 17:55:01,32856
2020-08-08 18:55:01,32431
2020-08-08 19:55:01,17563
2020-08-08 20:55:01,19101
2020-08-08 21:55:02,24923
2020-08-08 22:55:02,27647
2020-08-08 23:55:01,30880
2020-08-09 00:55:02,31114
2020-08-09 01:55:01,26968
2020-08-09 02:55:01,24194
2020-08-09 03:55:01,21423
2020-08-09 04:55:01,18118
2020-08-09 05:55:01,17192
2020-08-09 06:55:01,14989
2020-08-09 07:55:01,14137
2020-08-09 08:55:02,13069
2020-08-09 09:55:01,12566
2020-08-09 10:55:01,14140
2020-08-09 11:55:02,17990
2020-08-09 12:55:01,18778
2020-08-09 13:55:01,23471
2020-08-09 14:55:01,22088
2020-08-09 15:55:01,24073
2020-08-09 16:55:01,18941
2020-08-09 17:55:01,25597
2020-08-09 18:55:01,35829
2020-08-09 19:55:01,20736
2020-08-09 20:55:01,17030
2020-08-09 21:55:01,25153
2020-08-09 22:55:01,26827
2020-08-09 23:55:02,25582
2020-08-10 00:55:02,35050
2020-08-10 01:55:01,32033
2020-08-10 02:55:01,27018
2020-08-10 03:55:01,23177
2020-08-10 04:55:01,18875
2020-08-10 05:55:01,18098
2020-08-10 06:55:01,15011
2020-08-10 07:55:01,12929
2020-08-10 08:55:01,11365
2020-08-10 09:55:02,12310
2020-08-10 10:55:01,15824
2020-08-10 11:55:01,18801
2020-08-10 12:55:01,20858
2020-08-10 13:55:01,21327
2020-08-10 14:55:01,21548
2020-08-10 15:55:01,22578
2020-08-10 16:55:01,20661
2020-08-10 17:55:02,24141
2020-08-10 18:55:01,25201
2020-08-10 19:55:01,17828
2020-08-10 20:55:01,22647
2020-08-10 21:55:02,25747
2020-08-10 22:55:01,28428
2020-08-10 23:55:02,29057
2020-08-11 00:55:01,18518
2020-08-11 01:55:01,16012
2020-08-11 02:55:02,20386
2020-08-11 03:55:01,20812
2020-08-11 04:55:01,19575
2020-08-11 05:55:01,14779
2020-08-11 06:55:01,11895
2020-08-11 07:55:02,13335
2020-08-11 08:55:01,14977
2020-08-11 09:55:01,13862
2020-08-11 10:55:01,16099
2020-08-11 11:55:01,16717
2020-08-11 12:55:01,17018
2020-08-11 13:55:01,18266
2020-08-11 14:55:02,22778
2020-08-11 15:55:01,22286
2020-08-11 16:55:01,17471
2020-08-11 17:55:01,26733
2020-08-11 18:55:01,28250
2020-08-11 19:55:02,17387
2020-08-11 20:55:01,20303
2020-08-11 21:55:01,23528
2020-08-11 22:55:01,24002
2020-08-11 23:55:01,24558
2020-08-12 00:55:01,27471
2020-08-12 01:55:01,26196
2020-08-12 02:55:01,23231
2020-08-12 03:55:01,16960
2020-08-12 04:55:01,19319
2020-08-12 05:55:01,16798
2020-08-12 06:55:02,11802
2020-08-12 07:55:01,12799
2020-08-12 08:55:01,15079
2020-08-12 09:55:01,12351
2020-08-12 10:55:02,14046
2020-08-12 11:55:01,15920
2020-08-12 12:55:01,19256
2020-08-12 13:55:02,16853
2020-08-12 14:55:01,22371
2020-08-12 15:55:01,18505
2020-08-12 16:55:01,18470
2020-08-12 17:55:01,29757
2020-08-12 18:55:01,26117
2020-08-12 19:55:01,18324
2020-08-12 20:55:01,20137
2020-08-12 21:55:01,19087
2020-08-12 22:55:01,27651
2020-08-12 23:55:01,27709
2020-08-13 00:55:01,28152
2020-08-13 01:55:01,28877
2020-08-13 02:55:01,18507
2020-08-13 03:55:01,25889
2020-08-13 04:55:01,20213
2020-08-13 05:55:01,18417
2020-08-13 06:55:01,17710
2020-08-13 07:55:01,13954
2020-08-13 08:55:02,12941
2020-08-13 09:55:01,12665
2020-08-13 10:55:01,14914
2020-08-13 11:55:02,17520
2020-08-13 12:55:01,26089
2020-08-13 13:55:01,19959
2020-08-13 14:55:02,18181
2020-08-13 15:55:01,24057
2020-08-13 16:55:01,25007
2020-08-13 17:55:01,31380
2020-08-13 18:55:02,33132
2020-08-13 19:55:01,22217
2020-08-13 20:55:01,21882
2020-08-13 21:55:01,28889
2020-08-13 22:55:02,31670
2020-08-13 23:55:02,34966
2020-08-14 00:55:01,32964
2020-08-14 01:55:01,28240
2020-08-14 02:55:02,30852
2020-08-14 03:55:01,23559
2020-08-14 04:55:01,21585
2020-08-14 07:55:01,12775
2020-08-14 08:55:02,14756
2020-08-14 09:55:01,13078
2020-08-14 10:55:01,16711
2020-08-14 11:55:01,18207
2020-08-14 12:55:01,26456
2020-08-14 13:55:01,21009
2020-08-14 14:55:01,24516
2020-08-14 15:55:02,24138
2020-08-14 16:55:01,26946
2020-08-14 17:55:01,32775
2020-08-14 18:55:01,31029
2020-08-14 19:55:01,22586
2020-08-14 20:55:01,20772
2020-08-14 21:55:02,32140
2020-08-14 22:55:01,31256
2020-08-14 23:55:01,36832
2020-08-15 00:55:01,30171
2020-08-15 01:55:01,36249
2020-08-15 02:55:01,30531
2020-08-15 03:55:01,24925
2020-08-15 04:55:01,23503
2020-08-15 05:55:02,20625
2020-08-15 06:55:01,18298
2020-08-15 07:55:01,18194
2020-08-15 08:55:02,14556
2020-08-15 09:55:01,13848
2020-08-15 10:55:02,15111
2020-08-15 11:55:01,21842
2020-08-15 12:55:01,18471
2020-08-15 13:55:01,16960
2020-08-15 14:55:01,25482
2020-08-15 15:55:01,30872
2020-08-15 16:55:01,30585
2020-08-15 17:55:01,35740
2020-08-15 18:55:01,36661
2020-08-15 19:55:01,20167
2020-08-15 20:55:01,26901
2020-08-15 21:55:02,31459
2020-08-15 22:55:02,30830
2020-08-15 23:55:01,38098
2020-08-16 00:55:01,35115
2020-08-16 01:55:01,34519
2020-08-16 02:55:01,28351
2020-08-16 03:55:02,25524
2020-08-16 04:55:02,23907
2020-08-16 05:55:01,24551
2020-08-16 06:55:01,22465
2020-08-16 07:55:01,18411
2020-08-16 08:55:01,14488
2020-08-16 09:55:01,12640
2020-08-16 10:55:01,14678
2020-08-16 11:55:01,16841
2020-08-16 12:55:01,20711
2020-08-16 13:55:01,26105
2020-08-16 14:55:01,32374
2020-08-16 15:55:01,31558
2020-08-16 16:55:01,33908
2020-08-16 17:55:01,38151
2020-08-16 18:55:01,32673
2020-08-16 19:55:01,24790
2020-08-16 20:55:01,28588
2020-08-16 21:55:01,35132
2020-08-16 22:55:01,29492
2020-08-16 23:55:01,41756
2020-08-17 00:55:01,37331
2020-08-17 01:55:01,38085
2020-08-17 02:55:01,30891
2020-08-17 03:55:02,23118
2020-08-17 04:55:01,20847
2020-08-17 05:55:01,20505
2020-08-17 06:55:01,17233
2020-08-17 07:55:01,16689
2020-08-17 08:55:01,12850
2020-08-17 09:55:01,12290
2020-08-17 10:55:01,13704
2020-08-17 11:55:02,17498
2020-08-17 12:55:01,14569
2020-08-17 13:55:01,20087
2020-08-17 14:55:01,20244
2020-08-17 15:55:01,22868
2020-08-17 16:55:02,23604
2020-08-17 17:55:01,30515
2020-08-17 18:55:02,27625
2020-08-17 19:55:01,19516
2020-08-17 20:55:01,17493
2020-08-17 21:55:01,26676
2020-08-17 22:55:01,30043
2020-08-17 23:55:01,33130
2020-08-18 00:55:01,32786
2020-08-18 01:55:01,31889
2020-08-18 02:55:01,26004
2020-08-18 03:55:01,29637
2020-08-18 04:55:01,22190
2020-08-18 05:55:01,23049
2020-08-18 06:55:01,18798
2020-08-18 07:55:01,14604
2020-08-18 08:55:01,13021
2020-08-18 09:55:01,17973
2020-08-18 10:55:01,12626
2020-08-18 11:55:02,23125
2020-08-18 12:55:02,25092
2020-08-18 13:55:02,24905
2020-08-18 14:55:01,24385
2020-08-18 15:55:01,27913
2020-08-18 16:55:02,24122
2020-08-18 17:55:01,33856
2020-08-18 18:55:01,31140
2020-08-18 19:55:01,22900
2020-08-18 20:55:01,22494
2020-08-18 21:55:01,30833
2020-08-18 22:55:01,35669
2020-08-18 23:55:01,36956
2020-08-19 00:55:02,38121
2020-08-19 01:55:01,34611
2020-08-19 02:55:02,35583
2020-08-19 03:55:01,29394
2020-08-19 04:55:01,21048
2020-08-19 05:55:01,20514
2020-08-19 06:55:01,17533
2020-08-19 07:55:02,16260
2020-08-19 08:55:02,11421
2020-08-19 09:55:01,14619
2020-08-19 10:55:02,14514
2020-08-19 11:55:01,18989
2020-08-19 12:55:01,19854
2020-08-19 13:55:02,18934
2020-08-19 14:55:01,23479
2020-08-19 15:55:01,27532
2020-08-19 16:55:01,25394
2020-08-19 17:55:01,31038
2020-08-19 18:55:01,30821
2020-08-19 19:55:01,21491
2020-08-19 20:55:01,18885
2020-08-19 21:55:01,29716
2020-08-19 22:55:01,31130
2020-08-19 23:55:02,31651
2020-08-20 00:55:01,31872
2020-08-20 01:55:01,40862
2020-08-20 02:55:02,33112
2020-08-20 03:55:01,20553
2020-08-20 04:55:01,19126
2020-08-20 05:55:01,16382
2020-08-20 06:55:01,15419
2020-08-20 07:55:01,12246
2020-08-20 08:55:01,10435
2020-08-20 09:55:01,9847
2020-08-20 10:55:01,12092
2020-08-20 11:55:01,12820
2020-08-20 12:55:02,13940
2020-08-20 13:55:01,13039
2020-08-20 14:55:01,14873
2020-08-20 15:55:01,16742
2020-08-20 16:55:01,15878
2020-08-20 17:55:01,21761
2020-08-20 18:55:02,23737
2020-08-20 19:55:01,12451
2020-08-20 20:55:01,14913
2020-08-20 21:55:01,19011
2020-08-20 22:55:01,19876
2020-08-20 23:55:01,20376
2020-08-21 00:55:01,19750
2020-08-21 01:55:01,17973
2020-08-21 02:55:01,17476
2020-08-21 03:55:01,16613
2020-08-21 04:55:01,15289
2020-08-21 05:55:02,10286
2020-08-21 06:55:01,11155
2020-08-21 07:55:01,9505
2020-08-21 08:55:02,11712
2020-08-21 09:55:01,9429
2020-08-21 10:55:01,10930
2020-08-21 11:55:02,11767
2020-08-21 12:55:01,14129
2020-08-21 13:55:01,15752
2020-08-21 14:55:01,12014
2020-08-21 15:55:01,11016
2020-08-21 16:55:01,17260
2020-08-21 17:55:01,24286
2020-08-21 18:55:01,21685
2020-08-21 19:55:01,15137
2020-08-21 20:55:01,15975
2020-08-21 21:55:01,18641
2020-08-21 22:55:01,25314
2020-08-21 23:55:01,18763
2020-08-22 00:55:01,20260
2020-08-22 01:55:01,22843
2020-08-22 02:55:01,17981
2020-08-22 03:55:02,17964
2020-08-22 04:55:01,11595
2020-08-22 05:55:01,10366
2020-08-22 06:55:01,7949
2020-08-22 07:55:01,6613
2020-08-22 08:55:02,6087
2020-08-22 09:55:01,6882
2020-08-22 10:55:01,9137
2020-08-22 11:55:01,9896
2020-08-22 12:55:02,11857
2020-08-22 13:55:02,11378
2020-08-22 14:55:01,17023
2020-08-22 15:55:01,19000
2020-08-22 16:55:02,16033
2020-08-22 17:55:01,23972
2020-08-22 18:55:01,22445
2020-08-22 19:55:02,18938
2020-08-22 20:55:01,13618
2020-08-22 21:55:01,15720
2020-08-22 22:55:01,19489
2020-08-22 23:55:01,21383
2020-08-23 00:55:02,22571
2020-08-23 01:55:01,21978
2020-08-23 02:55:01,20762
2020-08-23 03:55:02,17947
2020-08-23 04:55:01,13922
2020-08-23 05:55:01,11736
2020-08-23 06:55:01,11487
2020-08-23 07:55:01,11349
2020-08-23 08:55:01,8419
2020-08-23 09:55:01,10243
2020-08-23 10:55:02,13742
2020-08-23 11:55:02,13745
2020-08-23 12:55:01,18423
2020-08-23 13:55:01,22486
2020-08-23 14:55:02,28020
2020-08-23 15:55:01,22404
2020-08-23 16:55:01,21441
2020-08-23 17:55:01,28734
2020-08-23 18:55:01,31018
2020-08-23 19:55:01,14300
2020-08-23 20:55:01,19464
2020-08-23 21:55:02,23951
2020-08-23 22:55:01,20781
2020-08-23 23:55:01,24173
2020-08-24 00:55:02,27899
2020-08-24 01:55:01,27244
2020-08-24 02:55:01,20496
2020-08-24 03:55:02,17393
2020-08-24 04:55:01,16847
2020-08-24 05:55:01,12350
2020-08-24 06:55:01,13761
2020-08-24 07:55:01,12194
2020-08-24 08:55:02,8322
2020-08-24 09:55:01,10540
2020-08-24 10:55:01,14748
2020-08-24 11:55:01,15714
2020-08-24 12:55:01,17546
2020-08-24 13:55:02,17251
2020-08-24 14:55:01,20439
2020-08-24 15:55:02,22547
2020-08-24 16:55:01,20819
2020-08-24 17:55:02,28827
2020-08-24 18:55:01,28158
2020-08-24 19:55:01,19052
2020-08-24 20:55:01,15315
2020-08-24 21:55:02,23404
2020-08-24 22:55:01,28158
2020-08-24 23:55:01,27567
2020-08-25 00:55:02,28549
2020-08-25 01:55:02,32297
2020-08-25 02:55:02,32193
2020-08-25 03:55:01,24226
2020-08-25 04:55:01,20492
2020-08-25 05:55:01,20000
2020-08-25 06:55:02,16882
2020-08-25 07:55:01,11592
2020-08-25 08:55:01,13280
2020-08-25 09:55:01,11980
2020-08-25 10:55:02,16707
2020-08-25 11:55:01,18185
2020-08-25 12:55:01,15613
2020-08-25 13:55:02,29079
2020-08-25 14:55:01,25922
2020-08-25 15:55:01,26055
2020-08-25 16:55:01,25698
2020-08-25 17:55:01,30681
2020-08-25 18:55:02,30483
2020-08-25 19:55:01,21184
2020-08-25 20:55:01,23251
2020-08-25 21:55:02,30898
2020-08-25 22:55:02,32694
2020-08-25 23:55:02,37122
2020-08-26 00:55:01,37495
2020-08-26 01:55:01,35683
2020-08-26 02:55:01,34804
2020-08-26 03:55:01,29616
2020-08-26 04:55:01,22102
2020-08-26 05:55:01,21482
2020-08-26 06:55:01,16795
2020-08-26 07:55:01,11971
2020-08-26 08:55:01,10933
2020-08-26 09:55:01,11759
2020-08-26 10:55:01,13874
2020-08-26 11:55:01,18108
2020-08-26 12:55:01,19731
2020-08-26 13:55:01,22838
2020-08-26 14:55:01,21343
2020-08-26 15:55:01,24677
2020-08-26 16:55:01,21477
2020-08-26 17:55:01,33945
2020-08-26 18:55:01,35871
2020-08-26 19:55:01,25246
2020-08-26 20:55:01,24235
2020-08-26 21:55:02,32650
2020-08-26 22:55:01,40117
2020-08-26 23:55:02,43420
2020-08-27 00:55:01,40050
2020-08-27 01:55:01,34199
2020-08-27 02:55:01,50348
2020-08-27 03:55:01,35523
2020-08-27 04:55:01,28667
2020-08-27 05:55:02,24493
2020-08-27 06:55:02,23203
2020-08-27 07:55:01,17821
2020-08-27 08:55:01,13592
2020-08-27 09:55:01,13129
2020-08-27 10:55:02,17867
2020-08-27 11:55:01,19605
2020-08-27 12:55:01,23619
2020-08-27 13:55:01,24375
2020-08-27 14:55:01,29052
2020-08-27 15:55:01,33632
2020-08-27 16:55:01,30907
2020-08-27 17:55:01,37636
2020-08-27 18:55:01,38051
2020-08-27 19:55:01,28590
2020-08-27 20:55:01,19060
2020-08-27 21:55:01,31593
2020-08-27 22:55:01,34390
2020-08-27 23:55:02,41144
2020-08-28 00:55:01,44187
2020-08-28 01:55:01,45744
2020-08-28 02:55:01,38417
2020-08-28 03:55:01,34945
2020-08-28 04:55:02,27857
2020-08-28 05:55:02,26170
2020-08-28 06:55:01,22636
2020-08-28 07:55:01,18304
