days,date_2019,speed_2019,travel_time_2019,date_2020,speed_2020,travel_time_2020
0,2019-03-04 00:00:00,36.11814814814815,185.21481481481482,2020-03-01 00:00:00,40.91659746164993,188.46557237795432
1,2019-03-05 00:00:00,32.34380472012387,228.49866278796978,2020-03-02 00:00:00,40.394940848990956,197.52042946614972
2,2019-03-06 00:00:00,34.78023693379791,217.79140534262484,2020-03-05 00:00:00,37.81410071942446,209.23365188446257
3,2019-03-07 00:00:00,34.35824570912376,222.44028906955737,2020-03-06 00:00:00,34.87838381043417,244.55066156864717
4,2019-03-08 00:00:00,33.43371118854046,225.8678797264163,2020-03-07 00:00:00,39.41772311880226,205.96451487458683
5,2019-03-09 00:00:00,36.0548942660669,193.8704306912776,2020-03-08 00:00:00,41.44779073444541,188.1710807178433
6,2019-03-10 00:00:00,36.7588573437162,191.34447328574518,2020-03-09 00:00:00,38.315596166423504,209.5005785581325
7,2019-03-11 00:00:00,35.49180652680653,210.28383838383837,2020-03-10 00:00:00,38.80042865707434,201.48166466826538
8,2019-03-12 00:00:00,34.9792557319224,222.82203228869895,2020-03-11 00:00:00,38.45722721822542,206.9312549960032
9,2019-03-13 00:00:00,34.53055028666345,220.70015538766543,2020-03-12 00:00:00,37.97166996716216,214.5845386408643
10,2019-03-14 00:00:00,34.75684305424898,221.96584613776523,2020-03-13 00:00:00,38.15464141578723,206.13039881683503
11,2019-03-15 00:00:00,33.517341850561365,223.26160794941282,2020-03-14 00:00:00,43.76077150220122,172.75413400622784
12,2019-03-16 00:00:00,35.60159953703704,197.56640946502057,2020-03-15 00:00:00,44.884216808371484,169.1502207325049
13,2019-03-17 00:00:00,37.12939987004548,195.40473034437946,2020-03-16 00:00:00,41.968042381179544,182.46900499635944
14,2019-03-18 00:00:00,36.390168801381336,201.7405355256037,2020-03-17 00:00:00,42.14598944790851,173.01847878221795
15,2019-03-19 00:00:00,35.46882484567901,212.25735596707818,2020-03-18 00:00:00,43.48873260973103,164.45015416238437
16,2019-03-20 00:00:00,35.56357052522906,205.41352432571944,2020-03-19 00:00:00,42.88383829722846,166.885078052102
17,2019-03-21 00:00:00,32.88776851851852,210.40522119341563,2020-03-20 00:00:00,44.15130546591367,165.68833198870513
18,2019-03-22 00:00:00,32.14461779835391,214.0233024691358,2020-03-21 00:00:00,45.49599670263789,160.70263788968825
19,2019-03-23 00:00:00,35.72225051440329,180.01651234567902,2020-03-22 00:00:00,46.88939973021583,149.35306754596323
20,2019-03-24 00:00:00,34.98776517489712,186.93613683127572,2020-03-23 00:00:00,43.76691930371786,155.69862152236254
21,2019-03-25 00:00:00,33.41018029835391,196.16499485596708,2020-03-24 00:00:00,45.84633747860236,152.15413855603666
22,2019-03-26 00:00:00,31.911258744855967,205.340920781893,2020-03-25 00:00:00,46.027212230215824,150.2472771782574
23,2019-03-27 00:00:00,34.948902216023555,207.71343561134356,2020-03-26 00:00:00,45.87598770983213,155.21762589928056
24,2019-03-28 00:00:00,34.42520660730417,216.61034972254484,2020-03-27 00:00:00,44.1725177013445,147.42013842849187
25,2019-03-29 00:00:00,34.37976388888889,213.33245884773663,2020-03-28 00:00:00,43.033911608391605,133.08386013986015
26,2019-03-30 00:00:00,34.96812862474878,202.08917599770314,2020-03-29 00:00:00,43.33272083623693,133.7017700348432
27,2019-03-31 00:00:00,36.278439024390245,182.80443928248806,2020-03-30 00:00:00,43.41733509823046,130.31587014072733
28,2019-04-01 00:00:00,35.09375128600823,206.34549897119342,2020-03-31 00:00:00,43.90314078652883,149.91513908131728
29,2019-04-02 00:00:00,34.99020298895387,202.32888888888888,2020-04-01 00:00:00,45.57983205073572,145.85691725365353
30,2019-04-03 00:00:00,34.49217586117586,210.95708365708364,2020-04-02 00:00:00,45.2289840627498,150.28851918465227
31,2019-04-04 00:00:00,32.95087644977139,218.16715315268772,2020-04-03 00:00:00,44.5917318645084,152.48935851318944
32,2019-04-05 00:00:00,31.751194701646092,232.97826646090536,2020-04-04 00:00:00,45.4562512490008,162.87687350119904
33,2019-04-06 00:00:00,34.1264230749097,211.99610008899126,2020-04-05 00:00:00,45.74330710431655,163.37509992006395
34,2019-04-07 00:00:00,34.735404835390945,189.82507716049383,2020-04-06 00:00:00,45.16679517709874,146.17466723485325
35,2019-04-08 00:00:00,32.71187422839506,210.43886316872428,2020-04-07 00:00:00,45.86119704236611,141.06517286171064
36,2019-04-09 00:00:00,33.01397350823045,210.01579218106997,2020-04-08 00:00:00,45.50437824740208,144.3714778177458
37,2019-04-10 00:00:00,32.80873934778667,219.59696428108893,2020-04-09 00:00:00,45.796083383293364,141.00696942446044
38,2019-04-11 00:00:00,33.435279063786005,212.97052469135804,2020-04-10 00:00:00,45.73176396861605,145.05795502970446
39,2019-04-12 00:00:00,31.512513374485597,216.7533693415638,2020-04-11 00:00:00,46.41454193288725,143.70712381144037
40,2019-04-13 00:00:00,33.725241388241386,208.7860657860658,2020-04-12 00:00:00,47.01544381219763,140.08928884766752
41,2019-04-14 00:00:00,36.73154089506173,190.52348251028806,2020-04-13 00:00:00,42.952113041289024,151.26017119838872
42,2019-04-15 00:00:00,32.35995689766421,229.47812620983353,2020-04-14 00:00:00,44.50463248384963,145.84103972735133
43,2019-04-16 00:00:00,32.968241769547326,232.2909465020576,2020-04-15 00:00:00,43.3972901459854,149.494449513382
44,2019-04-17 00:00:00,33.7838376564718,232.64715447154472,2020-04-16 00:00:00,44.72923766015007,146.11650758001122
45,2019-04-18 00:00:00,33.092641975308645,240.2364197530864,2020-04-17 00:00:00,44.01627941401664,152.6966974631208
46,2019-04-19 00:00:00,35.62319576719577,209.50842689379274,2020-04-18 00:00:00,44.34574766828872,148.34572688564478
47,2019-04-20 00:00:00,36.57601234567901,194.59490740740742,2020-04-19 00:00:00,46.23375481549067,137.90381690997566
48,2019-04-21 00:00:00,37.30778215020576,192.16779835390946,2020-04-20 00:00:00,44.58123270889694,151.77984788933693
49,2019-04-22 00:00:00,33.99132384856523,226.00889531924014,2020-04-21 00:00:00,43.32151766466306,159.48205635445993
50,2019-04-23 00:00:00,35.2936753698093,214.56331313491356,2020-04-22 00:00:00,42.387208219944554,167.08893918970472
51,2019-04-24 00:00:00,33.20792493164305,221.90310713397963,2020-04-23 00:00:00,44.255441251013785,147.79440389294405
52,2019-04-25 00:00:00,30.56789417989418,256.3082621082621,2020-04-24 00:00:00,42.7471998826903,149.98826903023982
53,2019-04-26 00:00:00,33.350763117283954,225.8863683127572,2020-04-25 00:00:00,45.08590987429035,152.0415906326034
54,2019-04-27 00:00:00,37.069326565143825,195.89576988155667,2020-04-26 00:00:00,45.034801895249075,146.50065309258548
55,2019-04-28 00:00:00,38.0937338531514,191.0622482131254,2020-04-27 00:00:00,43.95172936552498,146.67724975754172
56,2019-04-29 00:00:00,35.73749696735062,214.28357207381598,2020-04-28 00:00:00,43.35071488316169,151.43739871399447
57,2019-04-30 00:00:00,33.964444444444446,218.08865660085172,2020-04-29 00:00:00,44.47261854933388,153.57125720994335
58,2019-05-01 00:00:00,33.85315860110982,226.88093947606143,2020-04-30 00:00:00,42.30088794980151,160.2739915482136
59,2019-05-02 00:00:00,33.93902096593036,234.5098411509868,2020-05-01 00:00:00,42.69208576006511,153.68279966428443
60,2019-05-03 00:00:00,33.23483436213992,236.7423353909465,2020-05-02 00:00:00,43.909431116328925,150.9566382522587
61,2019-05-04 00:00:00,35.75815920781893,199.28143004115228,2020-05-03 00:00:00,45.23872733284163,145.20188712836034
62,2019-05-05 00:00:00,34.83003497942387,208.9482510288066,2020-05-04 00:00:00,42.88094219413654,159.30482751476225
63,2019-05-06 00:00:00,34.296468705639434,224.63995354239256,2020-05-05 00:00:00,42.553638109873226,153.34898194391087
64,2019-05-07 00:00:00,33.791240523954414,233.30542519725645,2020-05-06 00:00:00,42.258915390151124,158.909504472088
65,2019-05-08 00:00:00,34.11264068930041,224.35069444444446,2020-05-07 00:00:00,42.8163572701808,157.95961293608352
66,2019-05-09 00:00:00,33.53441206941207,233.3868168868169,2020-05-08 00:00:00,41.7216821269262,161.52344383617194
67,2019-05-10 00:00:00,33.82918724996774,235.63600464576075,2020-05-09 00:00:00,43.320370285888075,159.55188057583132
68,2019-05-11 00:00:00,34.48330959164292,212.43390313390313,2020-05-10 00:00:00,44.24516788321168,160.1283647073889
69,2019-05-12 00:00:00,34.912450102880655,207.74243827160493,2020-05-11 00:00:00,42.63651059284315,159.88944276304076
70,2019-05-13 00:00:00,32.892292033040235,239.0525446309619,2020-05-12 00:00:00,42.058142234387674,158.28692721005677
71,2019-05-14 00:00:00,32.985602791196996,236.76462694578638,2020-05-13 00:00:00,41.327751468755565,165.28998702917164
72,2019-05-15 00:00:00,33.300004609053495,238.9684609053498,2020-05-14 00:00:00,40.38230524682724,165.71253083750858
73,2019-05-16 00:00:00,28.553383838383837,264.34482924482927,2020-05-15 00:00:00,39.507603236179875,166.47830636516767
74,2019-05-17 00:00:00,27.834814233841684,307.2462164124909,2020-05-16 00:00:00,39.919646990004836,179.28395940893716
75,2019-05-18 00:00:00,32.706045524691355,226.34673353909466,2020-05-17 00:00:00,41.4186067582053,180.95763360726863
76,2019-05-19 00:00:00,34.445738805007096,207.91622144792876,2020-05-18 00:00:00,40.910949415547954,173.74998723903835
77,2019-05-20 00:00:00,33.06051695743914,229.07763367814317,2020-05-19 00:00:00,41.08752131080598,167.82596600479812
78,2019-05-21 00:00:00,32.295892982501755,236.52645537037517,2020-05-20 00:00:00,40.76762441937625,169.61948407431984
79,2019-05-22 00:00:00,32.34161226124939,242.66121320203666,2020-05-21 00:00:00,40.28482907104973,176.47229953263667
80,2019-05-23 00:00:00,30.924877303872098,256.67751102140545,2020-05-22 00:00:00,39.662207522303326,186.6713807785888
81,2019-05-24 00:00:00,32.184221425624095,247.14622446874355,2020-05-23 00:00:00,40.69642122649049,166.9256220363365
82,2019-05-25 00:00:00,37.27317197617197,192.2121471121471,2020-05-24 00:00:00,41.432129896165314,182.18502621568828
83,2019-05-26 00:00:00,37.15084782608696,201.13458132045088,2020-05-25 00:00:00,41.35045443025142,180.87535482562853
84,2019-05-27 00:00:00,38.46421136887803,190.25749559082894,2020-05-26 00:00:00,37.429235350770476,200.93529501216545
85,2019-05-28 00:00:00,34.520760288065844,227.6517232510288,2020-05-27 00:00:00,39.19402353121331,174.88966872543514
86,2019-05-29 00:00:00,33.852046296296294,230.6205808080808,2020-05-28 00:00:00,39.30628678247158,174.41066659884535
87,2019-05-30 00:00:00,31.865212326830648,247.5371218546791,2020-05-29 00:00:00,38.9911976398179,175.26877590986547
88,2019-05-31 00:00:00,31.92930700735579,243.72032520325203,2020-05-30 00:00:00,41.16192843652698,175.6778622837017
89,2019-06-01 00:00:00,36.5347675548852,196.09079939668175,2020-05-31 00:00:00,42.71434268419848,157.8190187949846
90,2019-06-02 00:00:00,36.389670995671,185.93116883116883,2020-06-01 00:00:00,40.83609184914842,169.0186283454988
91,2019-06-03 00:00:00,34.44751851851852,222.15908289241622,2020-06-02 00:00:00,41.4799425756725,165.5381297534582
92,2019-06-04 00:00:00,34.85809576719577,220.5004232804233,2020-06-03 00:00:00,41.270067906101374,171.85187822681146
93,2019-06-05 00:00:00,33.74156332012556,229.3261719755056,2020-06-04 00:00:00,41.37148477835143,167.53394033418957
94,2019-06-06 00:00:00,32.27152581252094,238.39732982808835,2020-06-05 00:00:00,40.38633434217554,172.8554134133625
95,2019-06-07 00:00:00,32.21365483539095,237.8866769547325,2020-06-06 00:00:00,42.397788092270915,172.9137567079529
96,2019-06-08 00:00:00,34.826548252181546,206.80773997005215,2020-06-07 00:00:00,44.305819393755066,151.29427716950528
97,2019-06-09 00:00:00,37.561984310699586,188.50900205761317,2020-06-08 00:00:00,41.73360334698238,164.51990131997252
98,2019-06-10 00:00:00,34.06149723356947,218.71823775789855,2020-06-09 00:00:00,40.62513686131387,167.37667274939173
99,2019-06-11 00:00:00,31.93620182501342,287.1295222758991,2020-06-10 00:00:00,40.70159997393118,165.07035323253388
100,2019-06-12 00:00:00,32.50754437478507,232.55834193053462,2020-06-11 00:00:00,40.399300556534385,157.5462706602903
101,2019-06-13 00:00:00,33.275830050212434,231.23272820908974,2020-06-12 00:00:00,38.83843971810992,173.90886736970188
102,2019-06-14 00:00:00,31.926474472288657,247.97959342830404,2020-06-13 00:00:00,40.16073150299951,166.5403177863049
103,2019-06-15 00:00:00,33.84728413570992,207.78016547281914,2020-06-14 00:00:00,28.28096924138432,113.42110614809165
104,2019-06-16 00:00:00,33.34588174774137,200.34054592804551,2020-06-15 00:00:00,32.72911136916611,143.5957199734572
105,2019-06-17 00:00:00,33.81223603355874,215.17921378265385,2020-06-16 00:00:00,40.571856611884826,162.32116788321167
106,2019-06-18 00:00:00,31.28042588569743,249.34556279668516,2020-06-17 00:00:00,39.90985248861873,169.02296599608331
107,2019-06-19 00:00:00,32.95497843992874,235.49058844793308,2020-06-18 00:00:00,39.990215237270434,165.93402786622175
108,2019-06-20 00:00:00,31.320087255079123,244.19531713865297,2020-06-19 00:00:00,38.265777719847065,180.69264859228363
109,2019-06-21 00:00:00,30.153250194250194,263.82346542346545,2020-06-20 00:00:00,41.37633224998668,157.65965155309286
110,2019-06-22 00:00:00,34.223975823045265,214.2576903292181,2020-06-21 00:00:00,42.2579873594778,157.59545148422524
111,2019-06-23 00:00:00,35.39432369355657,207.33561643835617,2020-06-22 00:00:00,40.20745903731305,162.21759991832985
112,2019-06-24 00:00:00,32.87938256549232,236.70984643179764,2020-06-23 00:00:00,38.97173219229801,171.2677070224012
113,2019-06-25 00:00:00,33.9170416990417,230.4755762755763,2020-06-24 00:00:00,38.503927336533,179.17985240233267
114,2019-06-26 00:00:00,31.546788986354777,259.237134502924,2020-06-25 00:00:00,33.86513541730639,188.80022108947983
115,2019-06-27 00:00:00,29.959069900886803,284.66536254564426,2020-06-26 00:00:00,36.481977725472184,187.38779493656352
116,2019-06-28 00:00:00,31.57999275967697,270.8783068783069,2020-06-27 00:00:00,40.70789054314861,169.9665288116901
117,2019-06-29 00:00:00,34.82246671508109,217.40440571290245,2020-06-28 00:00:00,42.440705013331005,153.0403863805236
118,2019-06-30 00:00:00,34.44587448559671,220.66947873799725,2020-06-29 00:00:00,38.83981222488438,175.11171783585002
119,2019-07-01 00:00:00,34.331077030776015,234.6263320283129,2020-06-30 00:00:00,38.2699825552036,178.22191617316255
120,2019-07-02 00:00:00,34.34533187818861,221.01714616315152,2020-07-01 00:00:00,38.62665845103801,174.03422125319935
121,2019-07-03 00:00:00,33.373350327549815,228.16632404133432,2020-07-02 00:00:00,37.28938378271017,186.10070013406823
122,2019-07-04 00:00:00,40.03415614918054,196.40583301071106,2020-07-03 00:00:00,40.59445088315596,161.9670697052432
123,2019-07-05 00:00:00,38.08844909020519,210.2844496064008,2020-07-04 00:00:00,43.16465360481496,147.52375464207964
124,2019-07-06 00:00:00,38.73811856995885,190.31486625514404,2020-07-05 00:00:00,42.41848095554081,150.2113603185136
125,2019-07-07 00:00:00,37.43307278806584,207.56941872427984,2020-07-06 00:00:00,39.79190668085969,166.70303629359287
126,2019-07-08 00:00:00,33.80807925407925,247.65944055944055,2020-07-07 00:00:00,40.428637723033255,164.50240774533657
127,2019-07-09 00:00:00,33.39703568657875,258.11207654512543,2020-07-08 00:00:00,39.678817683203434,172.00981483772526
128,2019-07-10 00:00:00,32.65962448559671,247.4863425925926,2020-07-09 00:00:00,38.58513759125951,178.0040843416552
129,2019-07-11 00:00:00,30.17461281812539,231.9424529277881,2020-07-10 00:00:00,36.56327832434148,184.39492224690574
130,2019-07-12 00:00:00,32.37458743024183,221.218110550093,2020-07-11 00:00:00,40.861150334443906,156.57058928253517
131,2019-07-13 00:00:00,32.54892440828806,194.2862056727908,2020-07-12 00:00:00,41.06862150243309,160.49224452554745
132,2019-07-14 00:00:00,34.348536008230454,190.69750514403293,2020-07-13 00:00:00,38.64416666666666,179.60842457420924
133,2019-07-15 00:00:00,33.46045993832645,196.4788585166989,2020-07-14 00:00:00,37.75248656731549,181.70696472019463
134,2019-07-16 00:00:00,34.13010293333333,207.8448,2020-07-15 00:00:00,38.39198234250588,175.06118239201288
135,2019-07-17 00:00:00,32.74904521187424,213.59587857529723,2020-07-16 00:00:00,36.46743085975809,178.51605099705787
136,2019-07-18 00:00:00,32.803361564361566,216.63641543641543,2020-07-17 00:00:00,37.28214061232766,175.73149837793997
137,2019-07-19 00:00:00,32.933907590079066,214.96162464264557,2020-07-18 00:00:00,39.322913417824395,170.4529753892261
138,2019-07-20 00:00:00,36.02040448202738,179.90501871874756,2020-07-19 00:00:00,40.03509037678208,158.60794297352342
139,2019-07-21 00:00:00,36.98359772639194,175.33029324376696,2020-07-20 00:00:00,37.63161853678377,181.46481773348924
140,2019-07-22 00:00:00,33.50087985546522,214.1336172409343,2020-07-21 00:00:00,36.299234295026864,181.02793409895344
141,2019-07-23 00:00:00,33.99240362459547,221.14573462783173,2020-07-22 00:00:00,35.91896995375514,171.0998527398145
142,2019-07-24 00:00:00,32.81211395498392,215.32311254019294,2020-07-23 00:00:00,37.99920747161395,175.92779298459044
143,2019-07-25 00:00:00,31.217708624708624,205.9028231028231,2020-07-24 00:00:00,38.52327921805521,181.00717342058897
144,2019-07-26 00:00:00,29.846767540677792,213.08319514975645,2020-07-25 00:00:00,40.71976789371423,160.48080659559943
145,2019-07-27 00:00:00,31.603794028761985,170.50549708211756,2020-07-26 00:00:00,41.90986212489862,163.6197789943228
146,2019-07-28 00:00:00,33.04681275003226,156.59450251645373,2020-07-27 00:00:00,39.34963215520553,179.71633691893967
147,2019-07-29 00:00:00,31.8202556116145,179.4256589785832,2020-07-28 00:00:00,38.997502296128005,176.46082080533668
148,2019-07-30 00:00:00,31.8652439275422,186.15376698229724,2020-07-29 00:00:00,38.81372685919814,177.58367713953243
149,2019-07-31 00:00:00,31.106385955853877,188.24050600232349,2020-07-30 00:00:00,38.44515496911847,178.24778214486244
150,2019-08-01 00:00:00,31.212292792097546,191.48538869167052,2020-07-31 00:00:00,36.07952665339527,190.88365405883653
151,2019-08-02 00:00:00,30.2744525717843,187.6247762820014,2020-08-01 00:00:00,38.843512979529116,179.51797376653312
152,2019-08-03 00:00:00,34.159519554519555,158.83550893550893,2020-08-02 00:00:00,42.070789040814226,159.11987251979028
153,2019-08-04 00:00:00,33.85483985121662,156.55971999793357,2020-08-03 00:00:00,37.13744118524951,186.07060483542725
154,2019-08-05 00:00:00,32.5467873906241,173.90609607695427,2020-08-04 00:00:00,37.79881977170384,181.29099905749294
155,2019-08-06 00:00:00,32.90728009259259,166.51208847736626,2020-08-05 00:00:00,34.480478739979034,177.27571456899238
156,2019-08-07 00:00:00,31.52985337243402,187.87750167206875,2020-08-06 00:00:00,35.94681769807907,191.8189485446709
157,2019-08-08 00:00:00,31.500802561586532,193.57744151216238,2020-08-07 00:00:00,35.591086780210865,204.39385644768856
158,2019-08-09 00:00:00,30.71622564076091,208.0366775933717,2020-08-08 00:00:00,40.23868025278009,172.2969676186744
159,2019-08-10 00:00:00,33.59364247104247,162.2695752895753,2020-08-09 00:00:00,40.04915845276786,177.4118226863445
160,2019-08-11 00:00:00,34.74306079880514,158.34936780573224,2020-08-10 00:00:00,37.3834554947283,194.32646492295214
161,2019-08-12 00:00:00,33.60512963773527,175.61896547284945,2020-08-11 00:00:00,37.75879012557322,178.19247417820256
162,2019-08-13 00:00:00,33.39768662690113,172.29671805200505,2020-08-12 00:00:00,37.12703786661045,194.7867664497088
163,2019-08-14 00:00:00,32.76076523297491,184.57834528076464,2020-08-13 00:00:00,37.24018693252626,199.72290750019076
164,2019-08-15 00:00:00,32.68671222921034,191.18300489168413,2020-08-14 00:00:00,36.37725537903726,218.81055293163493
165,2019-08-16 00:00:00,33.84981440008237,186.89494684274203,2020-08-15 00:00:00,39.44271897810219,189.9781982328083
166,2019-08-17 00:00:00,34.222514647051234,166.92613240418117,2020-08-16 00:00:00,41.89598695449604,166.46119997929284
167,2019-08-18 00:00:00,34.073667678534676,166.8411710228442,2020-08-17 00:00:00,37.75481198450552,195.76328757015995
168,2019-08-19 00:00:00,32.99650010329511,175.64613676273112,2020-08-18 00:00:00,37.53275254411954,205.45997681308774
169,2019-08-20 00:00:00,33.80526950117174,178.87762354819603,2020-08-19 00:00:00,38.13079914422351,213.4147998993204
170,2019-08-21 00:00:00,34.47911678624155,178.52290916625657,2020-08-20 00:00:00,36.1833949597741,228.73328360594599
171,2019-08-22 00:00:00,32.888172308960684,193.81725665996805,2020-08-21 00:00:00,36.070222477752225,218.74987501249876
172,2019-08-23 00:00:00,32.61458172356698,197.8821519619438,2020-08-22 00:00:00,38.10244525547445,200.66135499126145
173,2019-08-24 00:00:00,33.71733147445331,184.1064725169752,2020-08-23 00:00:00,41.27428115706948,177.42189781021898
174,2019-08-25 00:00:00,34.86410736804179,176.50109375402116,2020-08-24 00:00:00,38.72007208669499,200.67584857020097
175,2019-08-26 00:00:00,35.40016899452118,176.4170332072948,2020-08-25 00:00:00,37.452738910724314,217.10600786075238
176,2019-08-27 00:00:00,34.7980847126287,182.5522220774143,2020-08-26 00:00:00,37.64033823378225,206.5896987766012
177,2019-08-28 00:00:00,33.190763839857745,198.3857116707199,2020-08-27 00:00:00,37.18203586163123,216.4016714270602
178,2019-08-29 00:00:00,32.62220947063689,207.649658808933,2020-08-28 00:00:00,36.221293137787434,219.39036755386564
179,2019-08-30 00:00:00,31.877241210686158,195.60794255417719,2020-08-30 00:00:00,35.91546971276898,204.81652289316523
180,2019-08-31 00:00:00,33.83841225340158,168.8991229198282,2020-08-31 00:00:00,39.123750954927424,190.87514642220523
181,2019-09-01 00:00:00,33.108493827160494,166.20691872427983,2020-09-01 00:00:00,38.787123522928255,196.83836157178376
182,2019-09-02 00:00:00,35.32905041152264,147.02592592592592,2020-09-02 00:00:00,38.5618482748076,194.09765047653025
183,2019-09-03 00:00:00,33.2939202520531,188.15363359330613,2020-09-03 00:00:00,37.24174336192286,200.40159724718814
184,2019-09-04 00:00:00,33.725725661644155,188.28162489915945,2020-09-04 00:00:00,37.60631472711746,208.32122247237533
185,2019-09-05 00:00:00,34.182035119431895,191.8331310522918,2020-09-05 00:00:00,39.749286032203166,195.39790548501114
186,2019-09-06 00:00:00,32.956821759259256,203.61998456790124,2020-09-06 00:00:00,41.72176708461558,170.98115414939343
187,2019-09-07 00:00:00,36.76083441306038,161.81026172583572,2020-09-07 00:00:00,42.492544946847595,170.5096262185862
188,2019-09-08 00:00:00,37.2954425087108,163.29619305716867,2020-09-08 00:00:00,38.34039475096608,200.32299270072994
189,2019-09-09 00:00:00,34.447678079901216,179.70601702981503,2020-09-09 00:00:00,38.415218358089476,198.83078359868364
190,2019-09-10 00:00:00,28.43431777240208,264.87619023109784,2020-09-10 00:00:00,35.18991648363567,221.27682420889937
191,2019-09-11 00:00:00,28.08647311661905,312.28674748410674,2020-09-11 00:00:00,36.409900464499,220.78176203358686
192,2019-09-12 00:00:00,27.537565992280392,261.63277465481957,2020-09-12 00:00:00,37.63865673154907,203.91519667477698
193,2019-09-13 00:00:00,27.40836624014914,285.95167076236476,2020-09-13 00:00:00,41.12897452912051,181.09802970751875
194,2019-09-14 00:00:00,30.359228992203292,288.1437417781628,2020-09-14 00:00:00,38.1565424270073,190.82477189781022
195,2019-09-15 00:00:00,31.0021403752606,241.42140890021363,2020-09-15 00:00:00,36.5395950835373,199.49808449505161
196,2019-09-16 00:00:00,34.94507471931862,214.70246483417216,2020-09-16 00:00:00,36.98601927585309,202.77989059650952
197,2019-09-17 00:00:00,35.88629328821207,221.382139499906,2020-09-17 00:00:00,35.51144950044003,222.0436403168194
198,2019-09-18 00:00:00,34.33570044730619,230.1657597082538,2020-09-18 00:00:00,36.90202581980608,214.09015143261794
199,2019-09-19 00:00:00,34.5467795781893,255.3395318930041,2020-09-19 00:00:00,37.71949933865674,196.7881252143242
200,2019-09-20 00:00:00,34.3030094205704,276.83257194476704,2020-09-20 00:00:00,39.98469076919023,176.44549263485203
201,2019-09-21 00:00:00,36.905482447083116,240.0157201858544,2020-09-21 00:00:00,37.9896974505448,187.10695017454776
202,2019-09-22 00:00:00,36.868553606338104,262.1805226875193,2020-09-22 00:00:00,33.67974921454219,199.30691763913825
203,2019-09-23 00:00:00,36.22240823079309,257.48479991727845,2020-09-23 00:00:00,36.716658049472834,191.39489557988645
204,2019-09-24 00:00:00,36.70337300255569,252.6474430131399,2020-09-24 00:00:00,36.9780872920553,210.36184294585132
205,2019-09-25 00:00:00,36.046886093532954,245.05826516437722,2020-09-25 00:00:00,34.974505788067674,228.02457702582367
206,2019-09-26 00:00:00,34.566574810240574,247.18636305158884,2020-09-26 00:00:00,38.09147217417845,192.68819310204498
207,2019-09-27 00:00:00,34.41308760876862,244.63549278318573,2020-09-27 00:00:00,38.78162211653399,187.16422086014396
208,2019-09-28 00:00:00,37.0754884501226,217.84369596076914,2020-09-28 00:00:00,39.198219067663786,169.64779902377862
209,2019-09-29 00:00:00,37.89931455761317,212.3994341563786,2020-09-29 00:00:00,35.57163672094329,207.5778588807786
210,2019-09-30 00:00:00,39.999141761013036,197.1284809786983,2020-09-30 00:00:00,35.92534742966984,195.59064342676052
211,2019-10-01 00:00:00,39.26911545341028,198.67172893253687,2020-10-01 00:00:00,36.1795802919708,202.70255474452554
212,2019-10-02 00:00:00,37.72487285793256,218.03161967938087,2020-10-02 00:00:00,34.881256699504874,197.64271859527335
213,2019-10-03 00:00:00,31.227254409378762,274.3225519443136,2020-10-03 00:00:00,37.52273619821116,182.536779068572
214,2019-10-04 00:00:00,34.89308141578563,247.17426925884865,2020-10-04 00:00:00,40.4341188144002,166.29594199211297
215,2019-10-05 00:00:00,37.708293972595776,222.24074026997482,2020-10-05 00:00:00,37.94606854078512,192.34345804181154
216,2019-10-06 00:00:00,39.10576064148681,212.49555355715427,2020-10-06 00:00:00,36.590637003563046,196.4063613452681
217,2019-10-07 00:00:00,37.600384742698544,226.58302141420313,2020-10-07 00:00:00,37.92989612577204,186.99831555306008
218,2019-10-08 00:00:00,37.511631533933695,218.12962217638477,2020-10-08 00:00:00,36.15273076482055,184.93859649122808
219,2019-10-09 00:00:00,34.37457543965582,248.73197977205828,2020-10-09 00:00:00,33.65932304705461,202.68727328462677
220,2019-10-10 00:00:00,36.11224962630792,239.63972150106207,2020-10-10 00:00:00,36.26553272053063,219.45106282968612
221,2019-10-11 00:00:00,35.0061203591871,258.7594391639973,2020-10-11 00:00:00,40.77499311856458,167.20236517483943
222,2019-10-12 00:00:00,38.02894287555031,224.9783098894019,2020-10-12 00:00:00,37.517018797853126,175.7824638160405
223,2019-10-13 00:00:00,39.40825879836671,210.6507874781256,2020-10-13 00:00:00,36.88553243978738,190.97573692108142
224,2019-10-14 00:00:00,40.47398606115108,197.23628597122303,2020-10-14 00:00:00,37.33624290348743,190.1165602189781
225,2019-10-15 00:00:00,37.5257595967022,222.73943181221446,2020-10-15 00:00:00,36.66513888888889,206.81262672343877
226,2019-10-16 00:00:00,34.367952773669565,259.82044468954456,2020-10-16 00:00:00,35.47472819151651,201.08761676279926
227,2019-10-17 00:00:00,34.95946882911789,238.42278093901186,2020-10-17 00:00:00,37.482613544201136,188.74490571776155
228,2019-10-18 00:00:00,33.23241661216481,278.040373295769,2020-10-18 00:00:00,39.949943345015676,172.80328862420617
229,2019-10-19 00:00:00,37.56804206634692,219.53057553956833,2020-10-19 00:00:00,37.591465497521924,188.83820053373998
230,2019-10-20 00:00:00,37.33824536160545,208.40520005048592,2020-10-20 00:00:00,36.96325190290064,194.51434889940342
231,2019-10-21 00:00:00,38.48129571866982,209.35742315238718,2020-10-21 00:00:00,37.02368562094839,206.8033791026492
232,2019-10-22 00:00:00,37.28888111888112,220.61322131106303,2020-10-22 00:00:00,35.74323992107509,215.41856868600684
233,2019-10-23 00:00:00,35.58702905271601,226.93931266136917,2020-10-23 00:00:00,36.71086097152429,196.35530031107922
234,2019-10-24 00:00:00,36.190730520061564,245.92150757006334,2020-10-24 00:00:00,38.654643131017636,176.1698429378852
235,2019-10-25 00:00:00,34.954318403341844,252.2170805291251,2020-10-25 00:00:00,39.75589079071187,168.76604186271268
236,2019-10-26 00:00:00,37.37825948896056,217.60605308856364,2020-10-26 00:00:00,37.57982957651372,193.78835332325798
237,2019-10-27 00:00:00,39.00754672452514,205.38525370180045,2020-10-27 00:00:00,37.38913428210252,200.23793989316152
238,2019-10-28 00:00:00,36.635394359825064,236.69298245614036,2020-10-28 00:00:00,36.19675432456754,207.70049661700497
239,2019-10-29 00:00:00,34.37787772792944,250.0483359947279,2020-10-29 00:00:00,35.580146748391364,202.71120832167654
240,2019-10-30 00:00:00,35.353609862655986,244.48030230747986,2020-10-30 00:00:00,36.411864331109825,199.10496874835863
241,2019-10-31 00:00:00,35.396832771545,249.50193691200886,2020-10-31 00:00:00,40.29712675337924,175.8771231828615
242,2019-11-01 00:00:00,33.313177930068534,258.71649742384074,2020-11-01 00:00:00,31.77500303438975,186.17306136210385
243,2019-11-02 00:00:00,37.31697647287575,201.2830708406248,2020-11-02 00:00:00,33.50503771317532,200.57168060136536
244,2019-11-03 00:00:00,35.7651716878039,201.62714923053787,2020-11-03 00:00:00,36.94254409975669,182.11917072181672
245,2019-11-04 00:00:00,33.0737432886748,251.2358372221386,2020-11-04 00:00:00,36.811023671938365,197.6982208029197
246,2019-11-05 00:00:00,35.73185901224145,209.06182636836922,2020-11-05 00:00:00,35.95232098953185,208.26254023775124
247,2019-11-06 00:00:00,33.35142975310189,235.78571249530017,2020-11-06 00:00:00,33.620609173557966,215.33383840977964
248,2019-11-07 00:00:00,33.02664593771243,289.6387371283265,2020-11-07 00:00:00,34.57038437915856,207.669618179957
249,2019-11-08 00:00:00,34.241457583932856,248.68467725819343,2020-11-08 00:00:00,34.492737185916724,216.10330992978936
250,2019-11-09 00:00:00,37.45600814663951,212.11371350984385,2020-11-09 00:00:00,33.65294542289576,211.1861816506246
251,2019-11-10 00:00:00,37.16824981826385,187.8658411250094,2020-11-10 00:00:00,33.52870456303171,203.7350348027842
252,2019-11-11 00:00:00,38.69054821647908,198.61539618479432,2020-11-11 00:00:00,34.027364457067506,186.6809352335548
253,2019-11-12 00:00:00,30.42553216080402,1929.5568844221104,2020-11-12 00:00:00,33.653016160277325,204.3938621533442
254,2019-11-13 00:00:00,30.355401231452507,647.2099273241142,2020-11-13 00:00:00,36.22209815997567,196.79265510948906
255,2019-11-14 00:00:00,35.63544171655683,243.46629270010564,2020-11-14 00:00:00,37.124464182780486,192.86359587067022
256,2019-11-15 00:00:00,34.80817587045346,261.1040784097461,2020-11-15 00:00:00,38.87595678201964,175.22383553011605
257,2019-11-16 00:00:00,38.64843075539569,212.34694744204637,2020-11-16 00:00:00,36.11153658993075,197.31850084222347
258,2019-11-17 00:00:00,40.09038868904876,196.6830035971223,2020-11-17 00:00:00,37.766966690654876,189.91299989719337
259,2019-11-18 00:00:00,35.54617216418524,250.80097885991609,2020-11-18 00:00:00,37.74083201470063,187.43923230054617
260,2019-11-19 00:00:00,36.11269223375625,238.1126489811611,2020-11-19 00:00:00,37.81283604388099,188.494856362317
261,2019-11-20 00:00:00,36.64981162772962,230.6842667208989,2020-11-20 00:00:00,35.36753049527262,209.067848919806
262,2019-11-21 00:00:00,35.6222696842526,245.21352917665868,2020-11-21 00:00:00,36.44052700729927,178.39469586374696
263,2019-11-22 00:00:00,35.239129946043164,246.06729616306956,2020-11-22 00:00:00,36.248108774941,158.15554602016735
264,2019-11-23 00:00:00,38.65430780375699,208.8507693844924,2020-11-23 00:00:00,31.876965513593568,196.24098169893156
265,2019-11-24 00:00:00,39.614198822759974,184.61935905820798,2020-11-24 00:00:00,30.901384010036498,191.20580520072994
266,2019-11-25 00:00:00,36.98919806811893,224.53592091361875,2020-11-25 00:00:00,34.65828945381324,177.14296501384345
267,2019-11-26 00:00:00,34.41038473098888,270.1662659052199,2020-11-26 00:00:00,42.52040198123045,161.53070907194996
268,2019-11-27 00:00:00,37.220874990565804,224.87146846461548,2020-11-27 00:00:00,43.66346153846154,161.8422234699607
269,2019-11-28 00:00:00,39.478271626601156,205.4857493795904,2020-11-30 00:00:00,34.168218800071216,212.30532312622395
270,2019-11-29 00:00:00,41.48489433453238,187.80430655475618,2020-12-01 00:00:00,38.42215628437156,174.95170482951704
271,2019-11-30 00:00:00,40.419096499336845,192.93714079016118,2020-12-02 00:00:00,37.75041132065406,175.0205927071941
272,2019-12-01 00:00:00,39.17248630945989,197.60930956727157,2020-12-03 00:00:00,38.02144337996756,171.04516423357666
273,2019-12-02 00:00:00,34.80339076107535,232.45091821279817,2020-12-04 00:00:00,36.859172771672775,184.0355870980871
274,2019-12-03 00:00:00,32.922164028776976,228.17400479616308,2020-12-05 00:00:00,38.820221530294525,166.31956000204175
275,2019-12-04 00:00:00,34.861610629863456,238.88019380414036,2020-12-06 00:00:00,40.7065954328262,163.63612112684314
276,2019-12-05 00:00:00,34.46404250283983,254.38621734191594,2020-12-07 00:00:00,38.4308256026987,169.46901445313637
277,2019-12-06 00:00:00,35.59836477987422,245.34731460114926,2020-12-08 00:00:00,37.82258895643106,178.61683241345983
278,2019-12-07 00:00:00,39.06236976403416,215.16093173664797,2020-12-09 00:00:00,36.879075317117994,184.08690436691253
279,2019-12-08 00:00:00,40.45770376305465,195.03290600652042,2020-12-10 00:00:00,36.46947894942649,194.8846128779979
280,2019-12-09 00:00:00,32.43330158173113,270.9893715689469,2020-12-11 00:00:00,36.98245072356876,189.55159083394796
281,2019-12-10 00:00:00,33.89566131710016,279.6058258288474,2020-12-12 00:00:00,39.31824893817239,171.5267936620972
282,2019-12-11 00:00:00,34.68306550549035,261.67540073204594,2020-12-13 00:00:00,40.20243613138686,171.34334448499595
283,2019-12-12 00:00:00,34.17684052757794,277.0185851318945,2020-12-14 00:00:00,37.062184234554124,193.86722633661358
284,2019-12-13 00:00:00,32.02610884115008,274.83102298648885,2020-12-15 00:00:00,36.843070132175974,202.88903136713355
285,2019-12-14 00:00:00,34.999669514388486,214.27525479616307,2020-12-16 00:00:00,33.87510730200388,212.97542305694523
286,2019-12-15 00:00:00,38.19560151878497,200.87894684252598,2020-12-17 00:00:00,33.83527098858058,185.23690836491264
287,2019-12-16 00:00:00,35.578760013823,218.91976375231692,2020-12-18 00:00:00,35.99207826439578,197.8908911192214
288,2019-12-17 00:00:00,32.714728329224734,239.77697841726618,2020-12-19 00:00:00,38.79407669302514,185.18841240875912
289,2019-12-18 00:00:00,32.699328786970426,255.1691896482814,2020-12-20 00:00:00,40.31013016180899,184.0620948394671
290,2019-12-19 00:00:00,33.884830283424265,242.343344116653,2020-12-21 00:00:00,35.56014030579468,217.47125786971606
291,2019-12-20 00:00:00,33.277038806910674,253.95925011815365,2020-12-22 00:00:00,35.1821421913836,220.4264188069594
292,2019-12-21 00:00:00,36.49716283311379,203.93287060492452,2020-12-23 00:00:00,35.16377773101665,216.66861059339865
293,2019-12-22 00:00:00,36.90078637498165,201.22263984730583,2020-12-24 00:00:00,37.64092143173759,186.89256427304966
294,2019-12-23 00:00:00,35.02505710117221,214.89855108919858,2020-12-25 00:00:00,40.7733359170623,164.89235539191938
295,2019-12-24 00:00:00,37.88387336124132,196.88241044794827,2020-12-26 00:00:00,41.368083106722004,168.10376413339057
296,2019-12-25 00:00:00,42.47326197578523,172.72351039029402,2020-12-27 00:00:00,42.009591187401405,162.3548033475041
297,2019-12-26 00:00:00,39.356372402078335,196.57319144684251,2020-12-28 00:00:00,39.3013425081103,186.98271492295214
298,2019-12-27 00:00:00,37.876759832552075,207.1476449502419,2020-12-29 00:00:00,38.610324270708816,195.670795289809
299,2019-12-28 00:00:00,40.00292183431169,193.41572141060158,2020-12-30 00:00:00,38.64953695255475,185.35153081914032
300,2019-12-29 00:00:00,39.151331894484414,190.9747242206235,2020-12-31 00:00:00,39.97959930048662,173.01548560421736
301,2019-12-30 00:00:00,35.296107550934046,216.83398827156762,2021-01-01 00:00:00,42.20742538311614,166.1951312722131
302,2019-12-31 00:00:00,40.58030487498113,178.8464557025708,2021-01-02 00:00:00,40.63187956204379,168.64642927599132
303,2020-01-01 00:00:00,42.709475419664265,170.72449540367705,2021-01-03 00:00:00,41.38388181108088,168.09801492175507
304,2020-01-02 00:00:00,39.811399469897765,186.8385207623375,2021-01-04 00:00:00,39.6342869174621,173.25419835638814
305,2020-01-03 00:00:00,38.128706784572344,195.69906574740207,2021-01-05 00:00:00,39.76703207264033,176.94696950428568
306,2020-01-04 00:00:00,40.35392111485637,176.26022538612466,2021-01-06 00:00:00,39.168991788321165,197.25646289537713
307,2020-01-05 00:00:00,42.35806979416467,173.7308902877698,2021-01-07 00:00:00,38.557869525547446,197.50012672343877
308,2020-01-06 00:00:00,37.611893727123565,207.1784677521141,2021-01-08 00:00:00,38.86367735700298,186.3964749866477
309,2020-01-07 00:00:00,38.31025417993131,197.1699546286316,2021-01-09 00:00:00,39.27519554360354,167.7315917531054
310,2020-01-08 00:00:00,37.57870402978317,204.43708809176434,2021-01-10 00:00:00,40.61895274683058,165.67066205660134
311,2020-01-09 00:00:00,37.17610636490807,215.28639588329335,2021-01-11 00:00:00,37.79088152723189,182.85830228165995
312,2020-01-10 00:00:00,37.34965282129697,211.6589125911814,2021-01-12 00:00:00,37.08836831214898,190.65804512759877
313,2020-01-11 00:00:00,39.63450379765874,196.45880229614218,2021-01-13 00:00:00,35.65689899223017,200.3965689668436
314,2020-01-12 00:00:00,40.227327887689846,191.75404676258992,2021-01-14 00:00:00,36.50313681452368,197.79150290099196
315,2020-01-13 00:00:00,38.24003946842526,209.55143385291765,2021-01-15 00:00:00,34.63670048249412,198.74291723370035
316,2020-01-14 00:00:00,37.588188403980645,215.19492141478455,2021-01-16 00:00:00,38.34319939917386,168.5865565152084
317,2020-01-15 00:00:00,37.15358273381295,224.34620724473052,2021-01-17 00:00:00,40.105631127450984,167.4642156862745
318,2020-01-16 00:00:00,35.71209834750119,232.23832092078538,2021-01-18 00:00:00,38.14213604995071,177.5383667433454
319,2020-01-17 00:00:00,35.549126125672885,238.20065905317705,2021-01-19 00:00:00,36.75774380059103,200.00436849543877
320,2020-01-18 00:00:00,39.349407973621105,195.0405925259792,2021-01-20 00:00:00,37.12983558209836,190.73884833738848
321,2020-01-19 00:00:00,41.32634517386091,190.42136290967227,2021-01-21 00:00:00,36.86997996278804,185.2286389008158
322,2020-01-20 00:00:00,40.57183268242549,190.90355601233298,2021-01-22 00:00:00,36.62387995181064,186.2403798455106
323,2020-01-21 00:00:00,37.78974367172928,216.36024513722356,2021-01-23 00:00:00,39.81288575793583,166.5023482147909
324,2020-01-22 00:00:00,37.7010952290799,218.9974441499432,2021-01-24 00:00:00,40.21534076650055,161.65726167855735
325,2020-01-23 00:00:00,36.839931489597504,230.96141252329858,2021-01-25 00:00:00,37.623406420740636,174.55622611863015
326,2020-01-24 00:00:00,36.38065406829466,239.8258182186645,2021-01-26 00:00:00,37.31669004806837,188.28321167883212
327,2020-01-25 00:00:00,38.682341357683086,215.21144622763327,2021-01-27 00:00:00,36.21375680968489,202.44240697881432
328,2020-01-26 00:00:00,40.697747338129496,202.97012949640288,2021-01-28 00:00:00,35.69298095068542,199.49367990030265
329,2020-01-27 00:00:00,38.7054565975785,205.92022368151035,2021-01-29 00:00:00,36.76322979380894,195.19622782247322
330,2020-01-28 00:00:00,38.59581591869362,211.9155532716684,2021-01-30 00:00:00,39.22174155177075,167.46034063260342
331,2020-01-29 00:00:00,37.59496775184275,222.0679258804259,2021-01-31 00:00:00,36.760402372262774,175.87445255474452
332,2020-01-30 00:00:00,36.755367926131534,231.29309465813176,2021-02-01 00:00:00,27.108428263731003,209.52273543137488
333,2020-01-31 00:00:00,37.222999679031595,229.5310193039571,2021-02-02 00:00:00,36.5696905109489,168.4941897810219
334,2020-02-01 00:00:00,40.61278780524799,203.69068203650338,2021-02-03 00:00:00,37.731388507765764,192.89105976620382
335,2020-02-02 00:00:00,41.26439552201509,196.3407466640012,2021-02-04 00:00:00,36.21976032247522,217.07882122235537
336,2020-02-03 00:00:00,37.94189573341327,219.72487010391686,2021-02-05 00:00:00,35.706310769706654,216.61519822652988
337,2020-02-04 00:00:00,37.9201873501199,216.34932054356514,2021-02-06 00:00:00,38.559719983883966,196.43457896857373
338,2020-02-05 00:00:00,37.9799821233922,216.7781992587748,2021-02-07 00:00:00,40.433748161764704,190.68039215686275
339,2020-02-06 00:00:00,33.72945542903425,262.3888227166611,2021-02-08 00:00:00,36.67266891169553,193.11946760744067
340,2020-02-07 00:00:00,34.378312243062695,255.46868576567317,2021-02-09 00:00:00,36.77720930232558,192.4707180444746
341,2020-02-08 00:00:00,39.486743854916064,235.99240607513988,2021-02-10 00:00:00,36.07641858689948,212.8049234292257
342,2020-02-09 00:00:00,41.11004146682654,223.33720523581135,2021-02-11 00:00:00,34.305135010974425,209.71150017865347
343,2020-02-10 00:00:00,35.51032548960831,259.46667665867307,2021-02-12 00:00:00,36.12863763973253,201.88341585421878
344,2020-02-11 00:00:00,36.11316872634297,250.04339107111522,2021-02-13 00:00:00,37.65507057656604,195.03802233017117
345,2020-02-12 00:00:00,38.255614263861375,217.76638162349224,2021-02-14 00:00:00,39.202784620843474,198.3005879967559
346,2020-02-13 00:00:00,34.63682626024616,245.1534103727471,2021-02-15 00:00:00,38.29113468167072,201.05114557988645
347,2020-02-14 00:00:00,35.82273178067715,256.6930862089989,2021-02-16 00:00:00,36.944946087847356,215.3597899859137
348,2020-02-15 00:00:00,39.95302404651621,208.12880654380606,2021-02-17 00:00:00,36.616193035636954,202.66721858522047
349,2020-02-16 00:00:00,41.21839573411693,189.94525787820447,2021-02-18 00:00:00,36.56185050013517,205.6264193025142
350,2020-02-17 00:00:00,40.60424308973874,194.88711346712105,2021-02-19 00:00:00,36.82692464203057,201.24486889290165
351,2020-02-18 00:00:00,38.77323439150777,204.95874628968153,2021-02-20 00:00:00,39.36097589184744,191.3462526986738
352,2020-02-19 00:00:00,37.684360261790566,220.71830035971223,2021-02-21 00:00:00,41.1659067344149,181.03721853963015
353,2020-02-20 00:00:00,37.32972746802558,226.63679056754597,2021-02-22 00:00:00,37.42936442941072,221.68862382054476
354,2020-02-21 00:00:00,37.5423847027641,220.07189196011612,2021-02-23 00:00:00,37.593410634630985,220.8310523114355
355,2020-02-22 00:00:00,39.97153947727894,201.3830252253893,2021-02-24 00:00:00,36.41365636485997,221.47507376921882
356,2020-02-23 00:00:00,41.025766864769054,195.36143259305598,2021-02-25 00:00:00,36.38602169615248,218.30927155674962
357,2020-02-24 00:00:00,37.73129416105525,219.41236970759155,2021-02-26 00:00:00,35.16472290750019,228.37946031180854
358,2020-02-25 00:00:00,35.71547771227065,235.4824783734641,2021-02-27 00:00:00,36.76314453572064,205.65818052341106
359,2020-02-26 00:00:00,36.27033448241407,223.98076538768984,2021-02-28 00:00:00,39.67933919486839,193.51614687016146
360,2020-02-27 00:00:00,35.03378437319831,236.2482891735392,2021-03-01 00:00:00,36.857055625471936,217.27389881701484
361,2020-02-28 00:00:00,35.86595217206026,231.50302058005164,2021-03-02 00:00:00,37.465328467153284,202.41307010238575
362,2020-02-29 00:00:00,39.46902727817746,200.28944344524382,2021-03-03 00:00:00,36.5013547652327,218.2901071594968
363,2020-03-01 00:00:00,40.91659746164993,188.46557237795432,2021-03-04 00:00:00,37.19285868134498,201.34147022456224
364,2020-03-02 00:00:00,40.394940848990956,197.52042946614972,2021-03-05 00:00:00,35.142301703163014,233.7582589889159
365,2020-03-05 00:00:00,37.81410071942446,209.23365188446257,2021-03-06 00:00:00,38.55020677026374,209.7155573641242
366,2020-03-06 00:00:00,34.87838381043417,244.55066156864717,2021-03-07 00:00:00,38.74787636861314,191.5923306974858
367,2020-03-07 00:00:00,39.41772311880226,205.96451487458683,2021-03-08 00:00:00,35.78676272303325,211.22100567721006
368,2020-03-08 00:00:00,41.44779073444541,188.1710807178433,2021-03-09 00:00:00,35.522441567689924,203.9853505938605
369,2020-03-09 00:00:00,38.315596166423504,209.5005785581325,2021-03-10 00:00:00,34.06463909659698,233.16249554911238
370,2020-03-10 00:00:00,38.80042865707434,201.48166466826538,2021-03-11 00:00:00,33.157848636189016,247.51281854270712
371,2020-03-11 00:00:00,38.45722721822542,206.9312549960032,2021-03-12 00:00:00,32.71546936595539,236.7364378544724
372,2020-03-12 00:00:00,37.97166996716216,214.5845386408643,2021-03-13 00:00:00,34.136261658556364,241.3169099756691
373,2020-03-13 00:00:00,38.15464141578723,206.13039881683503,2021-03-14 00:00:00,35.1281352480694,233.59660954194436
374,2020-03-14 00:00:00,43.76077150220122,172.75413400622784,2021-03-15 00:00:00,33.73204050081103,246.78170620437956
375,2020-03-15 00:00:00,44.884216808371484,169.1502207325049,2021-03-16 00:00:00,34.74802362124898,262.2506843065693
376,2020-03-16 00:00:00,41.968042381179544,182.46900499635944,2021-03-17 00:00:00,35.521408844742176,235.40319806986474
377,2020-03-17 00:00:00,42.14598944790851,173.01847878221795,2021-03-18 00:00:00,33.655122921735604,246.41542477696674
378,2020-03-18 00:00:00,43.48873260973103,164.45015416238437,2021-03-19 00:00:00,34.19085064570466,236.77048134347405
379,2020-03-19 00:00:00,42.88383829722846,166.885078052102,2021-03-20 00:00:00,36.45495994303009,235.10424985376028
380,2020-03-20 00:00:00,44.15130546591367,165.68833198870513,2021-03-21 00:00:00,36.21652300539732,219.2214236092556
381,2020-03-21 00:00:00,45.49599670263789,160.70263788968825,2021-03-22 00:00:00,29.90767158353609,238.13866078669912
382,2020-03-22 00:00:00,46.88939973021583,149.35306754596323,2021-03-23 00:00:00,30.20446276351386,255.53450564034506
383,2020-03-23 00:00:00,43.76691930371786,155.69862152236254,2021-03-24 00:00:00,28.60761692820265,258.37437371245454
384,2020-03-24 00:00:00,45.84633747860236,152.15413855603666,2021-03-25 00:00:00,29.48988670924574,233.7607208029197
385,2020-03-25 00:00:00,46.027212230215824,150.2472771782574,2021-03-26 00:00:00,28.41413346512571,246.89441403081915
386,2020-03-26 00:00:00,45.87598770983213,155.21762589928056,2021-03-27 00:00:00,30.471265963497235,226.70218706375059
387,2020-03-27 00:00:00,44.1725177013445,147.42013842849187,2021-03-28 00:00:00,32.87139263175848,200.34149184149183
388,2020-03-28 00:00:00,43.033911608391605,133.08386013986015,2021-03-29 00:00:00,30.247476489870493,205.85678972540168
389,2020-03-29 00:00:00,43.33272083623693,133.7017700348432,2021-03-30 00:00:00,29.062872101910827,205.8524076433121
390,2020-03-30 00:00:00,43.41733509823046,130.31587014072733,2021-03-31 00:00:00,28.571566808596916,197.81361516626114
391,2020-03-31 00:00:00,43.90314078652883,149.91513908131728,2021-04-01 00:00:00,28.957442712174775,195.2972354332511
392,2020-04-01 00:00:00,45.57983205073572,145.85691725365353,2021-04-02 00:00:00,30.77180803174038,205.1368803886162
393,2020-04-02 00:00:00,45.2289840627498,150.28851918465227,2021-04-03 00:00:00,31.634215519214628,212.02550929576032
394,2020-04-03 00:00:00,44.5917318645084,152.48935851318944,2021-04-04 00:00:00,33.009514395782645,188.17883211678833
395,2020-04-04 00:00:00,45.4562512490008,162.87687350119904,2021-04-05 00:00:00,30.512592516972077,221.61030575264152
396,2020-04-05 00:00:00,45.74330710431655,163.37509992006395,2021-04-06 00:00:00,29.899357920348315,221.2151107696248
397,2020-04-06 00:00:00,45.16679517709874,146.17466723485325,2021-04-07 00:00:00,30.37730849020361,207.25378409527468
398,2020-04-07 00:00:00,45.86119704236611,141.06517286171064,2021-04-08 00:00:00,29.73808901816585,209.82116788321167
399,2020-04-08 00:00:00,45.50437824740208,144.3714778177458,2021-04-09 00:00:00,29.780402308606348,214.95145136649126
400,2020-04-09 00:00:00,45.796083383293364,141.00696942446044,2021-04-10 00:00:00,31.98559627660927,207.37266970167096
401,2020-04-10 00:00:00,45.73176396861605,145.05795502970446,2021-04-11 00:00:00,32.97331702645338,206.9964539007092
402,2020-04-11 00:00:00,46.41454193288725,143.70712381144037,2021-04-12 00:00:00,30.28237368135978,225.7185009414253
403,2020-04-12 00:00:00,47.01544381219763,140.08928884766752,2021-04-13 00:00:00,30.843485273850238,206.99803481190344
404,2020-04-13 00:00:00,42.952113041289024,151.26017119838872,2021-04-14 00:00:00,31.026508655647845,207.71297927678498
405,2020-04-14 00:00:00,44.50463248384963,145.84103972735133,2021-04-15 00:00:00,30.793277747324083,219.45192002538877
406,2020-04-15 00:00:00,43.3972901459854,149.494449513382,2021-04-16 00:00:00,34.222739760746144,250.9363087996756
407,2020-04-16 00:00:00,44.72923766015007,146.11650758001122,2021-04-17 00:00:00,36.75709152161707,226.8608799959165
408,2020-04-17 00:00:00,44.01627941401664,152.6966974631208,2021-04-18 00:00:00,38.89862258179777,212.18419172068806
409,2020-04-18 00:00:00,44.34574766828872,148.34572688564478,2021-04-19 00:00:00,37.05386625006564,243.5454497715696
410,2020-04-19 00:00:00,46.23375481549067,137.90381690997566,2021-04-20 00:00:00,34.45419080636877,236.4268361581921
411,2020-04-20 00:00:00,44.58123270889694,151.77984788933693,2021-04-21 00:00:00,35.74460368900869,236.89559923675682
412,2020-04-21 00:00:00,43.32151766466306,159.48205635445993,2021-04-22 00:00:00,34.24851760788833,241.4584966064797
413,2020-04-22 00:00:00,42.387208219944554,167.08893918970472,2021-04-23 00:00:00,32.560125858737656,307.79234650064404
414,2020-04-23 00:00:00,44.255441251013785,147.79440389294405,2021-04-24 00:00:00,33.7362928325223,310.2781579480941
415,2020-04-24 00:00:00,42.7471998826903,149.98826903023982,2021-04-25 00:00:00,37.69515083331153,268.7394102718401
416,2020-04-25 00:00:00,45.08590987429035,152.0415906326034,2021-04-26 00:00:00,35.39033291792772,280.02797629644704
417,2020-04-26 00:00:00,45.034801895249075,146.50065309258548,2021-04-27 00:00:00,34.844934150713044,280.55071823778474
418,2020-04-27 00:00:00,43.95172936552498,146.67724975754172,2021-04-28 00:00:00,34.05091904445919,301.61729875963454
419,2020-04-28 00:00:00,43.35071488316169,151.43739871399447,2021-04-29 00:00:00,33.56553488737148,320.1462208617848
420,2020-04-29 00:00:00,44.47261854933388,153.57125720994335,2021-04-30 00:00:00,33.61163109094496,307.54369698165317
421,2020-04-30 00:00:00,42.30088794980151,160.2739915482136,2021-05-01 00:00:00,34.91541227358746,266.3505812381725
422,2020-05-01 00:00:00,42.69208576006511,153.68279966428443,2021-05-02 00:00:00,35.03937203989525,265.3133114169499
423,2020-05-02 00:00:00,43.909431116328925,150.9566382522587,2021-05-03 00:00:00,33.39788503649635,272.49312652068124
424,2020-05-03 00:00:00,45.23872733284163,145.20188712836034,2021-05-04 00:00:00,34.28437592539679,274.2727485258592
425,2020-05-04 00:00:00,42.88094219413654,159.30482751476225,2021-05-05 00:00:00,34.117506623411735,257.1107326304407
426,2020-05-05 00:00:00,42.553638109873226,153.34898194391087,2021-05-06 00:00:00,34.09336532081058,238.5458118523812
427,2020-05-06 00:00:00,42.258915390151124,158.909504472088,2021-05-07 00:00:00,34.28979535974974,227.75591762252347
428,2020-05-07 00:00:00,42.8163572701808,157.95961293608352,2021-05-08 00:00:00,37.262741931381775,198.20183626236678
429,2020-05-08 00:00:00,41.7216821269262,161.52344383617194,2021-05-09 00:00:00,34.82534894711968,226.64690437431076
430,2020-05-09 00:00:00,43.320370285888075,159.55188057583132,2021-05-10 00:00:00,36.43029991558667,208.20249267590248
431,2020-05-10 00:00:00,44.24516788321168,160.1283647073889,2021-05-11 00:00:00,36.077496403644304,214.39325483510044
432,2020-05-11 00:00:00,42.63651059284315,159.88944276304076,2021-05-12 00:00:00,35.035529197080294,244.40668085969182
433,2020-05-12 00:00:00,42.058142234387674,158.28692721005677,2021-05-13 00:00:00,34.63811794591466,241.37033345123638
434,2020-05-13 00:00:00,41.327751468755565,165.28998702917164,2021-05-14 00:00:00,34.043001824817516,238.6848388077859
435,2020-05-14 00:00:00,40.38230524682724,165.71253083750858,2021-05-15 00:00:00,36.19242134407249,220.9028945381324
436,2020-05-15 00:00:00,39.507603236179875,166.47830636516767,2021-05-16 00:00:00,37.36933234851118,203.99594484995944
437,2020-05-16 00:00:00,39.919646990004836,179.28395940893716,2021-05-17 00:00:00,37.12510614495378,208.96007245025703
438,2020-05-17 00:00:00,41.4186067582053,180.95763360726863,2021-05-18 00:00:00,35.75801783459189,222.70346125099869
439,2020-05-18 00:00:00,40.910949415547954,173.74998723903835,2021-05-19 00:00:00,34.43798333193501,239.02729535475572
440,2020-05-19 00:00:00,41.08752131080598,167.82596600479812,2021-05-20 00:00:00,33.99047828084324,249.00625287121636
441,2020-05-20 00:00:00,40.76762441937625,169.61948407431984,2021-05-21 00:00:00,34.07227811276843,243.7071035650058
442,2020-05-21 00:00:00,40.28482907104973,176.47229953263667,2021-05-22 00:00:00,36.608100017379215,219.68022245394508
443,2020-05-22 00:00:00,39.662207522303326,186.6713807785888,2021-05-23 00:00:00,37.931900617630546,200.04564851207186
444,2020-05-23 00:00:00,40.69642122649049,166.9256220363365,2021-05-24 00:00:00,36.34801774724488,245.75812222699298
445,2020-05-24 00:00:00,41.432129896165314,182.18502621568828,2021-05-25 00:00:00,34.8418657141378,271.2313506238029
446,2020-05-25 00:00:00,41.35045443025142,180.87535482562853,2021-05-26 00:00:00,33.45284258366616,294.95014460818066
447,2020-05-26 00:00:00,37.429235350770476,200.93529501216545,2021-05-27 00:00:00,31.535348644235658,310.4093257314168
448,2020-05-27 00:00:00,39.19402353121331,174.88966872543514,2021-05-28 00:00:00,32.078796127331714,266.34912307380375
449,2020-05-28 00:00:00,39.30628678247158,174.41066659884535,2021-05-29 00:00:00,35.937181016665356,212.37982366637888
450,2020-05-29 00:00:00,38.9911976398179,175.26877590986547,2021-05-30 00:00:00,38.28667163841808,219.93988700564972
451,2020-05-30 00:00:00,41.16192843652698,175.6778622837017,2021-05-31 00:00:00,38.05554977375566,215.44688914027148
452,2020-05-31 00:00:00,42.71434268419848,157.8190187949846,2021-06-01 00:00:00,34.53442245237182,266.46106635980055
453,2020-06-01 00:00:00,40.83609184914842,169.0186283454988,2021-06-02 00:00:00,34.394762773722626,243.49039287247746
454,2020-06-02 00:00:00,41.4799425756725,165.5381297534582,2021-06-03 00:00:00,33.53624189678934,221.42312796692357
455,2020-06-03 00:00:00,41.270067906101374,171.85187822681146,2021-06-04 00:00:00,31.859956310938248,260.1467313122702
456,2020-06-04 00:00:00,41.37148477835143,167.53394033418957,2021-06-05 00:00:00,31.491911289707268,240.02685724458914
457,2020-06-05 00:00:00,40.38633434217554,172.8554134133625,2021-06-06 00:00:00,33.93456295295737,225.4077460581344
458,2020-06-06 00:00:00,42.397788092270915,172.9137567079529,2021-06-07 00:00:00,32.78724738675958,269.1500292479463
459,2020-06-07 00:00:00,44.305819393755066,151.29427716950528,2021-06-08 00:00:00,32.87210992810493,274.8388398002305
460,2020-06-08 00:00:00,41.73360334698238,164.51990131997252,2021-06-09 00:00:00,34.87107396253381,276.7219386452963
461,2020-06-09 00:00:00,40.62513686131387,167.37667274939173,2021-06-10 00:00:00,33.06186492339777,296.7188845218042
462,2020-06-10 00:00:00,40.70159997393118,165.07035323253388,2021-06-11 00:00:00,33.47772629008876,283.98975050230166
463,2020-06-11 00:00:00,40.399300556534385,157.5462706602903,2021-06-12 00:00:00,30.945235224741186,266.70141527977984
464,2020-06-12 00:00:00,38.83843971810992,173.90886736970188,2021-06-13 00:00:00,31.670490214646463,252.37219065656566
465,2020-06-13 00:00:00,40.16073150299951,166.5403177863049,2021-06-14 00:00:00,30.970082674571806,284.41884057971015
466,2020-06-14 00:00:00,28.28096924138432,113.42110614809165,2021-06-15 00:00:00,30.622770532476622,273.55362936573573
467,2020-06-15 00:00:00,32.72911136916611,143.5957199734572,2021-06-16 00:00:00,32.42949985511446,268.30976528542453
468,2020-06-16 00:00:00,40.571856611884826,162.32116788321167,2021-06-17 00:00:00,32.14123553498309,308.09443271700707
469,2020-06-17 00:00:00,39.90985248861873,169.02296599608331,2021-06-18 00:00:00,32.71489966870472,282.01664556791553
470,2020-06-18 00:00:00,39.990215237270434,165.93402786622175,2021-06-19 00:00:00,34.07308069889875,252.7628881711132
471,2020-06-19 00:00:00,38.265777719847065,180.69264859228363,2021-06-20 00:00:00,35.45461265917204,244.1094890510949
472,2020-06-20 00:00:00,41.37633224998668,157.65965155309286,2021-06-21 00:00:00,34.82134057325975,249.3522724382614
473,2020-06-21 00:00:00,42.2579873594778,157.59545148422524,2021-06-22 00:00:00,34.89846295830187,245.51746511172638
474,2020-06-22 00:00:00,40.20745903731305,162.21759991832985,2021-06-23 00:00:00,32.88965217391304,258.27454776261504
475,2020-06-23 00:00:00,38.97173219229801,171.2677070224012,2021-06-24 00:00:00,31.29839256685685,293.88837535460425
476,2020-06-24 00:00:00,38.503927336533,179.17985240233267,2021-06-25 00:00:00,33.031930251419304,281.1503700324412
477,2020-06-25 00:00:00,33.86513541730639,188.80022108947983,2021-06-26 00:00:00,32.851854763241626,276.3771824282773
478,2020-06-26 00:00:00,36.481977725472184,187.38779493656352,2021-06-27 00:00:00,36.51337597599125,241.34937307662963
479,2020-06-27 00:00:00,40.70789054314861,169.9665288116901,2021-06-28 00:00:00,35.173142795802804,249.33287711671093
480,2020-06-28 00:00:00,42.440705013331005,153.0403863805236,2021-06-29 00:00:00,35.242464711716984,265.35817289351206
481,2020-06-29 00:00:00,38.83981222488438,175.11171783585002,2021-06-30 00:00:00,33.017661550021465,293.40368720480893
482,2020-06-30 00:00:00,38.2699825552036,178.22191617316255,2021-07-01 00:00:00,31.706998906381138,275.9435387471706
483,2020-07-01 00:00:00,38.62665845103801,174.03422125319935,2021-07-02 00:00:00,32.32647749616182,253.8587550839012
484,2020-07-02 00:00:00,37.28938378271017,186.10070013406823,2021-07-03 00:00:00,36.604455098044205,221.98545232584755
485,2020-07-03 00:00:00,40.59445088315596,161.9670697052432,2021-07-04 00:00:00,36.8641629555456,229.78123270705422
486,2020-07-04 00:00:00,43.16465360481496,147.52375464207964,2021-07-05 00:00:00,35.666017589213304,223.90064882400648
487,2020-07-05 00:00:00,42.41848095554081,150.2113603185136,2021-07-06 00:00:00,31.9248927062181,243.71582240272213
488,2020-07-06 00:00:00,39.79190668085969,166.70303629359287,2021-07-07 00:00:00,33.06552608153819,270.3391490119281
489,2020-07-07 00:00:00,40.428637723033255,164.50240774533657,2021-07-08 00:00:00,32.44668404588113,255.40378599502688
490,2020-07-08 00:00:00,39.678817683203434,172.00981483772526,2021-07-09 00:00:00,32.14632578061638,259.1712287104623
491,2020-07-09 00:00:00,38.58513759125951,178.0040843416552,2021-07-10 00:00:00,33.347092279823116,239.36152698598752
492,2020-07-10 00:00:00,36.56327832434148,184.39492224690574,2021-07-11 00:00:00,35.794201674238174,224.4313970700832
493,2020-07-11 00:00:00,40.861150334443906,156.57058928253517,2021-07-12 00:00:00,34.483677340295166,245.94895838883264
494,2020-07-12 00:00:00,41.06862150243309,160.49224452554745,2021-07-13 00:00:00,34.34466568325746,237.6626567308426
495,2020-07-13 00:00:00,38.64416666666666,179.60842457420924,2021-07-14 00:00:00,33.90909100456861,245.82489628734967
496,2020-07-14 00:00:00,37.75248656731549,181.70696472019463,2021-07-15 00:00:00,32.08772154826771,283.5106404852472
497,2020-07-15 00:00:00,38.39198234250588,175.06118239201288,2021-07-16 00:00:00,32.58914463368478,295.69453906461206
498,2020-07-16 00:00:00,36.46743085975809,178.51605099705787,2021-07-17 00:00:00,34.2973488644167,260.1050637096569
499,2020-07-17 00:00:00,37.28214061232766,175.73149837793997,2021-07-18 00:00:00,36.89136748506967,243.57324485733244
500,2020-07-18 00:00:00,39.322913417824395,170.4529753892261,2021-07-19 00:00:00,35.84669976009392,262.935684753203
501,2020-07-19 00:00:00,40.03509037678208,158.60794297352342,2021-07-20 00:00:00,35.651931891369685,271.0040790038643
502,2020-07-20 00:00:00,37.63161853678377,181.46481773348924,2021-07-21 00:00:00,35.54678526920827,257.7987486965589
503,2020-07-21 00:00:00,36.299234295026864,181.02793409895344,2021-07-22 00:00:00,33.78316814863968,296.86277372262776
504,2020-07-22 00:00:00,35.91896995375514,171.0998527398145,2021-07-23 00:00:00,32.965839416058394,285.2842406731549
505,2020-07-23 00:00:00,37.99920747161395,175.92779298459044,2021-07-24 00:00:00,33.221257679987396,293.7788951320695
506,2020-07-24 00:00:00,38.52327921805521,181.00717342058897,2021-07-25 00:00:00,36.39680669695268,244.89048542698177
507,2020-07-25 00:00:00,40.71976789371423,160.48080659559943,2021-07-26 00:00:00,34.472734811077714,286.8393087161872
508,2020-07-26 00:00:00,41.90986212489862,163.6197789943228,2021-07-27 00:00:00,34.201368295226224,278.16099086955415
509,2020-07-27 00:00:00,39.34963215520553,179.71633691893967,2021-07-28 00:00:00,33.9160447080292,278.4529304422499
510,2020-07-28 00:00:00,38.997502296128005,176.46082080533668,2021-07-29 00:00:00,33.803088250202755,271.83698296836985
511,2020-07-29 00:00:00,38.81372685919814,177.58367713953243,2021-07-30 00:00:00,33.217509532628824,292.520018520536
512,2020-07-30 00:00:00,38.44515496911847,178.24778214486244,2021-07-31 00:00:00,34.31152825276913,278.0957582563422
513,2020-07-31 00:00:00,36.07952665339527,190.88365405883653,2021-08-01 00:00:00,35.86009521980133,256.4235771911531
514,2020-08-01 00:00:00,38.843512979529116,179.51797376653312,2021-08-02 00:00:00,35.97769109894566,264.22128446877537
515,2020-08-02 00:00:00,42.070789040814226,159.11987251979028,2021-08-03 00:00:00,35.73523829969944,274.1409939888364
516,2020-08-03 00:00:00,37.13744118524951,186.07060483542725,2021-08-04 00:00:00,35.959047279941,246.27472723110964
517,2020-08-04 00:00:00,37.79881977170384,181.29099905749294,2021-08-05 00:00:00,33.8372418620931,263.00725490819997
518,2020-08-05 00:00:00,34.480478739979034,177.27571456899238,2021-08-09 00:00:00,34.0055464521575,263.7450220964298
519,2020-08-06 00:00:00,35.94681769807907,191.8189485446709,2021-08-10 00:00:00,34.45563463098134,269.8222577047851
520,2020-08-07 00:00:00,35.591086780210865,204.39385644768856,2021-08-11 00:00:00,34.33180605530996,253.69006374010488
521,2020-08-08 00:00:00,40.23868025278009,172.2969676186744,2021-08-12 00:00:00,33.51716116890053,291.66230066888784
522,2020-08-09 00:00:00,40.04915845276786,177.4118226863445,2021-08-13 00:00:00,33.02505062396986,294.76344086021504
523,2020-08-10 00:00:00,37.3834554947283,194.32646492295214,2021-08-14 00:00:00,36.287843440014974,253.31878158338012
524,2020-08-11 00:00:00,37.75879012557322,178.19247417820256,2021-08-15 00:00:00,35.69343832645721,233.6627525653232
525,2020-08-12 00:00:00,37.12703786661045,194.7867664497088,2021-08-16 00:00:00,35.08738764437732,255.3831417624521
526,2020-08-13 00:00:00,37.24018693252626,199.72290750019076,2021-08-17 00:00:00,35.141215945306875,256.66734347691994
527,2020-08-14 00:00:00,36.37725537903726,218.81055293163493,2021-08-18 00:00:00,36.01959352189781,250.38891423357666
528,2020-08-15 00:00:00,39.44271897810219,189.9781982328083,2021-08-19 00:00:00,32.009178420503815,305.28181768289335
529,2020-08-16 00:00:00,41.89598695449604,166.46119997929284,2021-08-20 00:00:00,32.14604855826474,306.398043174406
530,2020-08-17 00:00:00,37.75481198450552,195.76328757015995,2021-08-21 00:00:00,32.86996686856137,290.2809960138738
531,2020-08-18 00:00:00,37.53275254411954,205.45997681308774,2021-08-22 00:00:00,38.12277504562969,224.18213851145813
532,2020-08-19 00:00:00,38.13079914422351,213.4147998993204,2021-08-23 00:00:00,34.64791345151199,252.33125651720542
533,2020-08-20 00:00:00,36.1833949597741,228.73328360594599,2021-08-24 00:00:00,33.35293843224373,278.2295461758172
534,2020-08-21 00:00:00,36.070222477752225,218.74987501249876,2021-08-25 00:00:00,30.49098124918047,276.50093972638666
535,2020-08-22 00:00:00,38.10244525547445,200.66135499126145,2021-08-26 00:00:00,34.35257107855648,246.35289163391354
536,2020-08-23 00:00:00,41.27428115706948,177.42189781021898,2021-08-27 00:00:00,32.65053035215834,252.1993966222122
537,2020-08-24 00:00:00,38.72007208669499,200.67584857020097,2021-08-28 00:00:00,36.89732989638099,224.7112960032668
538,2020-08-25 00:00:00,37.452738910724314,217.10600786075238,2021-08-29 00:00:00,34.09448863159661,265.5456833626982
539,2020-08-26 00:00:00,37.64033823378225,206.5896987766012,2021-08-30 00:00:00,35.90284467448115,229.94103618003754
540,2020-08-27 00:00:00,37.18203586163123,216.4016714270602,2021-08-31 00:00:00,35.605735271800164,224.66825507633473
541,2020-08-28 00:00:00,36.221293137787434,219.39036755386564,2021-09-01 00:00:00,33.340279664912906,248.22825254124737
542,2020-08-30 00:00:00,35.91546971276898,204.81652289316523,2021-09-02 00:00:00,28.658265408945866,308.29591893858816
543,2020-08-31 00:00:00,39.123750954927424,190.87514642220523,2021-09-03 00:00:00,31.61364683740685,265.9622574327933
544,2020-09-01 00:00:00,38.787123522928255,196.83836157178376,2021-09-04 00:00:00,34.67168382781494,222.8971441258916
545,2020-09-02 00:00:00,38.5618482748076,194.09765047653025,2021-09-05 00:00:00,37.65951789086826,201.26047674952784
546,2020-09-03 00:00:00,37.24174336192286,200.40159724718814,2021-09-06 00:00:00,38.62662582858322,196.02891336308065
547,2020-09-04 00:00:00,37.60631472711746,208.32122247237533,2021-09-07 00:00:00,35.08107656963387,219.9463460028499
548,2020-09-05 00:00:00,39.749286032203166,195.39790548501114,2021-09-08 00:00:00,34.00138161632938,234.37855675510292
549,2020-09-06 00:00:00,41.72176708461558,170.98115414939343,2021-09-09 00:00:00,33.83551927550681,252.7784147557328
550,2020-09-07 00:00:00,42.492544946847595,170.5096262185862,2021-09-10 00:00:00,32.57442813906763,278.8898496909891
551,2020-09-08 00:00:00,38.34039475096608,200.32299270072994,2021-09-11 00:00:00,34.52967369666195,226.83511727878596
552,2020-09-09 00:00:00,38.415218358089476,198.83078359868364,2021-09-12 00:00:00,34.9313054757242,214.86642590096392
553,2020-09-10 00:00:00,35.18991648363567,221.27682420889937,2021-09-13 00:00:00,32.011333570182806,251.11071636199213
554,2020-09-11 00:00:00,36.409900464499,220.78176203358686,2021-09-14 00:00:00,33.11011765606656,237.4308355877699
555,2020-09-12 00:00:00,37.63865673154907,203.91519667477698,2021-09-15 00:00:00,33.48052045753279,234.66191235282602
556,2020-09-13 00:00:00,41.12897452912051,181.09802970751875,2021-09-16 00:00:00,36.50187542918182,196.61936977034003
557,2020-09-14 00:00:00,38.1565424270073,190.82477189781022,2021-09-17 00:00:00,31.40256876536856,257.4884771544576
558,2020-09-15 00:00:00,36.5395950835373,199.49808449505161,2021-09-18 00:00:00,33.41718075230804,235.37844299193773
559,2020-09-16 00:00:00,36.98601927585309,202.77989059650952,2021-09-19 00:00:00,34.14079856193485,221.878009587101
560,2020-09-17 00:00:00,35.51144950044003,222.0436403168194,2021-09-20 00:00:00,33.378694241686944,237.27468572587185
561,2020-09-18 00:00:00,36.90202581980608,214.09015143261794,2021-09-21 00:00:00,34.182285635587384,214.8205205894505
562,2020-09-19 00:00:00,37.71949933865674,196.7881252143242,2021-09-22 00:00:00,35.20570584955394,210.73413422546633
563,2020-09-20 00:00:00,39.98469076919023,176.44549263485203,2021-09-23 00:00:00,31.726814509388756,261.5279991084861
564,2020-09-21 00:00:00,37.9896974505448,187.10695017454776,2021-09-24 00:00:00,29.32803556437457,229.7234984354728
565,2020-09-22 00:00:00,33.67974921454219,199.30691763913825,2021-09-25 00:00:00,32.3023806413133,220.37831236331618
566,2020-09-23 00:00:00,36.716658049472834,191.39489557988645,2021-09-26 00:00:00,33.577770934712085,208.08358678021088
567,2020-09-24 00:00:00,36.9780872920553,210.36184294585132,2021-09-27 00:00:00,33.97045860917784,220.6944491597352
568,2020-09-25 00:00:00,34.974505788067674,228.02457702582367,2021-09-28 00:00:00,35.98124469086192,200.77980111396525
569,2020-09-26 00:00:00,38.09147217417845,192.68819310204498,2021-09-29 00:00:00,34.75798143977424,226.05497517162783
570,2020-09-27 00:00:00,38.78162211653399,187.16422086014396,2021-09-30 00:00:00,32.926403842254665,248.83571573398217
571,2020-09-28 00:00:00,39.198219067663786,169.64779902377862,2021-10-01 00:00:00,31.985110023796157,264.7516109194941
572,2020-09-29 00:00:00,35.57163672094329,207.5778588807786,2021-10-02 00:00:00,34.81230281832928,234.0819393755069
573,2020-09-30 00:00:00,35.92534742966984,195.59064342676052,2021-10-03 00:00:00,36.71118222563709,217.47611730055064
574,2020-10-01 00:00:00,36.1795802919708,202.70255474452554,2021-10-04 00:00:00,34.361725719789135,240.06473033252232
575,2020-10-02 00:00:00,34.881256699504874,197.64271859527335,2021-10-05 00:00:00,35.10173002838605,233.72645478507704
576,2020-10-03 00:00:00,37.52273619821116,182.536779068572,2021-10-06 00:00:00,34.678508113217454,242.38927689964817
577,2020-10-04 00:00:00,40.4341188144002,166.29594199211297,2021-10-07 00:00:00,32.85586764668481,272.9735496833592
578,2020-10-05 00:00:00,37.94606854078512,192.34345804181154,2021-10-08 00:00:00,31.560049998663136,273.80620839015
579,2020-10-06 00:00:00,36.590637003563046,196.4063613452681,2021-10-09 00:00:00,35.25964821573398,237.5971208434712
580,2020-10-07 00:00:00,37.92989612577204,186.99831555306008,2021-10-10 00:00:00,37.62086339176302,201.47415951835472
581,2020-10-08 00:00:00,36.15273076482055,184.93859649122808,2021-10-11 00:00:00,36.37896100250115,213.3908172119851
582,2020-10-09 00:00:00,33.65932304705461,202.68727328462677,2021-10-12 00:00:00,33.7914497677505,249.6350099535501
583,2020-10-10 00:00:00,36.26553272053063,219.45106282968612,2021-10-13 00:00:00,33.686817878071345,244.9819831397142
584,2020-10-11 00:00:00,40.77499311856458,167.20236517483943,2021-10-14 00:00:00,32.902340632603405,255.9829413354961
585,2020-10-12 00:00:00,37.517018797853126,175.7824638160405,2021-10-15 00:00:00,32.675374087591244,254.96971309813463
586,2020-10-13 00:00:00,36.88553243978738,190.97573692108142,2021-10-16 00:00:00,34.839598540145985,238.56357269678438
587,2020-10-14 00:00:00,37.33624290348743,190.1165602189781,2021-10-17 00:00:00,35.167864963503646,247.07232360097325
588,2020-10-15 00:00:00,36.66513888888889,206.81262672343877,2021-10-18 00:00:00,34.550268146796434,237.07000202757501
589,2020-10-16 00:00:00,35.47472819151651,201.08761676279926,2021-10-19 00:00:00,33.752089447742804,244.8785706284306
590,2020-10-17 00:00:00,37.482613544201136,188.74490571776155,2021-10-20 00:00:00,33.40036338721547,241.91062501586012
591,2020-10-18 00:00:00,39.949943345015676,172.80328862420617,2021-10-21 00:00:00,33.34212872764768,257.4014869888476
592,2020-10-19 00:00:00,37.591465497521924,188.83820053373998,2021-10-22 00:00:00,32.87221235113331,255.10046100653094
593,2020-10-20 00:00:00,36.96325190290064,194.51434889940342,2021-10-23 00:00:00,34.593892042894474,244.01012285602715
594,2020-10-21 00:00:00,37.02368562094839,206.8033791026492,2021-10-24 00:00:00,36.03644980798087,223.29937180497978
595,2020-10-22 00:00:00,35.74323992107509,215.41856868600684,2021-10-25 00:00:00,33.944081997930475,254.33976564029422
596,2020-10-23 00:00:00,36.71086097152429,196.35530031107922,2021-10-26 00:00:00,34.317974516137234,236.83219308731148
597,2020-10-24 00:00:00,38.654643131017636,176.1698429378852,2021-10-27 00:00:00,32.01082550612863,266.1930863517422
598,2020-10-25 00:00:00,39.75589079071187,168.76604186271268,2021-10-28 00:00:00,31.42461222627737,275.06726480129765
599,2020-10-26 00:00:00,37.57982957651372,193.78835332325798,2021-10-29 00:00:00,30.9020330533567,282.81331198259716
600,2020-10-27 00:00:00,37.38913428210252,200.23793989316152,2021-10-30 00:00:00,35.68617805555556,241.99558333333334
601,2020-10-28 00:00:00,36.19675432456754,207.70049661700497,2021-10-31 00:00:00,36.66973571984436,240.1273774319066
602,2020-10-29 00:00:00,35.580146748391364,202.71120832167654,2021-11-01 00:00:00,33.14272641114982,265.0150243902439
603,2020-10-30 00:00:00,36.411864331109825,199.10496874835863,2021-11-02 00:00:00,35.415498587360595,231.80050557620817
604,2020-10-31 00:00:00,40.29712675337924,175.8771231828615,2021-11-03 00:00:00,33.46014048780488,251.77285017421602
605,2020-11-01 00:00:00,31.77500303438975,186.17306136210385,2021-11-04 00:00:00,33.90208459770115,246.0567969348659
606,2020-11-02 00:00:00,33.50503771317532,200.57168060136536,2021-11-05 00:00:00,32.63160833333333,258.8683888888889
607,2020-11-03 00:00:00,36.94254409975669,182.11917072181672,2021-11-06 00:00:00,33.747706984126985,252.3884126984127
608,2020-11-04 00:00:00,36.811023671938365,197.6982208029197,2021-11-07 00:00:00,33.37145992982456,278.2541192982456
609,2020-11-05 00:00:00,35.95232098953185,208.26254023775124,2021-11-08 00:00:00,31.62025784860558,257.7434262948207
610,2020-11-06 00:00:00,33.620609173557966,215.33383840977964,2021-11-09 00:00:00,32.648885,247.54783333333333
611,2020-11-07 00:00:00,34.57038437915856,207.669618179957,2021-11-10 00:00:00,31.96242888888889,261.1260833333333
612,2020-11-08 00:00:00,34.492737185916724,216.10330992978936,2021-11-11 00:00:00,35.959362323651455,234.02370124481328
613,2020-11-09 00:00:00,33.65294542289576,211.1861816506246,2021-11-12 00:00:00,33.60224668989547,254.0172543554007
614,2020-11-10 00:00:00,33.52870456303171,203.7350348027842,2021-11-13 00:00:00,35.08710913580247,256.3845267489712
615,2020-11-11 00:00:00,34.027364457067506,186.6809352335548,2021-11-14 00:00:00,36.31650125874126,247.23569230769232
616,2020-11-12 00:00:00,33.653016160277325,204.3938621533442,2021-11-15 00:00:00,34.83392852459016,246.56816393442622
617,2020-11-13 00:00:00,36.22209815997567,196.79265510948906,2021-11-16 00:00:00,34.457867692307694,250.2653986013986
618,2020-11-14 00:00:00,37.124464182780486,192.86359587067022,2021-11-17 00:00:00,34.38027630522088,252.27556626506023
619,2020-11-15 00:00:00,38.87595678201964,175.22383553011605,2021-11-18 00:00:00,33.16400615384615,261.7608951048951
620,2020-11-16 00:00:00,36.11153658993075,197.31850084222347,2021-11-19 00:00:00,33.08259479674797,253.7341463414634
621,2020-11-17 00:00:00,37.766966690654876,189.91299989719337,2021-11-20 00:00:00,35.12793846153846,237.73586013986014
622,2020-11-18 00:00:00,37.74083201470063,187.43923230054617,2021-11-21 00:00:00,37.616535139442234,227.84755378486057
623,2020-11-19 00:00:00,37.81283604388099,188.494856362317,2021-11-22 00:00:00,34.298789722222224,249.85102777777777
624,2020-11-20 00:00:00,35.36753049527262,209.067848919806,2021-11-23 00:00:00,32.44514625,265.9314375
625,2020-11-21 00:00:00,36.44052700729927,178.39469586374696,2021-11-24 00:00:00,32.93635651567944,265.97923344947736
626,2020-11-22 00:00:00,36.248108774941,158.15554602016735,2021-11-25 00:00:00,37.50575617647059,221.33285294117647
627,2020-11-23 00:00:00,31.876965513593568,196.24098169893156,2021-11-26 00:00:00,37.23299661971831,212.86639436619717
628,2020-11-24 00:00:00,30.901384010036498,191.20580520072994,2021-11-27 00:00:00,36.59302362934363,230.93247876447876
629,2020-11-25 00:00:00,34.65828945381324,177.14296501384345,2021-11-28 00:00:00,35.37641594095941,264.3344649446494
630,2020-11-26 00:00:00,42.52040198123045,161.53070907194996,2021-11-29 00:00:00,35.418036062176164,242.58250777202073
631,2020-11-27 00:00:00,43.66346153846154,161.8422234699607,2021-11-30 00:00:00,34.321896629213484,253.88957303370788
632,2020-11-30 00:00:00,34.168218800071216,212.30532312622395,2021-12-01 00:00:00,34.36323109540636,258.6028268551237
633,2020-12-01 00:00:00,38.42215628437156,174.95170482951704,2021-12-02 00:00:00,33.04271071161049,272.1978426966292
634,2020-12-02 00:00:00,37.75041132065406,175.0205927071941,2021-12-03 00:00:00,33.428438591549295,260.7338028169014
635,2020-12-03 00:00:00,38.02144337996756,171.04516423357666,2021-12-04 00:00:00,36.37923389529161,247.32399911102644
636,2020-12-04 00:00:00,36.859172771672775,184.0355870980871,2021-12-05 00:00:00,37.35268236933798,257.5273588850174
637,2020-12-05 00:00:00,38.820221530294525,166.31956000204175,2021-12-06 00:00:00,33.05339047619048,277.3940512820513
638,2020-12-06 00:00:00,40.7065954328262,163.63612112684314,2021-12-07 00:00:00,34.085924755244754,272.3163916083916
639,2020-12-07 00:00:00,38.4308256026987,169.46901445313637,2021-12-08 00:00:00,34.218369465648856,273.70503816793894
640,2020-12-08 00:00:00,37.82258895643106,178.61683241345983,2021-12-09 00:00:00,34.14845,262.20255555555553
641,2020-12-09 00:00:00,36.879075317117994,184.08690436691253,2021-12-10 00:00:00,34.483443837638376,254.6321771217712
642,2020-12-10 00:00:00,36.46947894942649,194.8846128779979,2021-12-11 00:00:00,34.981975652173915,235.40226086956523
643,2020-12-11 00:00:00,36.98245072356876,189.55159083394796,2021-12-12 00:00:00,37.49967020979021,229.34153846153845
644,2020-12-12 00:00:00,39.31824893817239,171.5267936620972,2021-12-13 00:00:00,35.53540233463035,240.00712840466926
645,2020-12-13 00:00:00,40.20243613138686,171.34334448499595,2021-12-14 00:00:00,34.4900387456446,250.24262020905923
646,2020-12-14 00:00:00,37.062184234554124,193.86722633661358,2021-12-15 00:00:00,34.10438119402985,257.90680597014926
647,2020-12-15 00:00:00,36.843070132175974,202.88903136713355,2021-12-16 00:00:00,33.906313588850175,258.4535191637631
648,2020-12-16 00:00:00,33.87510730200388,212.97542305694523,2021-12-17 00:00:00,34.29970488188977,251.36056692913385
649,2020-12-17 00:00:00,33.83527098858058,185.23690836491264,2021-12-18 00:00:00,36.19078801393728,244.48864111498258
650,2020-12-18 00:00:00,35.99207826439578,197.8908911192214,2021-12-19 00:00:00,37.950533538461535,227.06855384615383
651,2020-12-19 00:00:00,38.79407669302514,185.18841240875912,2021-12-20 00:00:00,35.78155020979021,229.11658741258742
652,2020-12-20 00:00:00,40.31013016180899,184.0620948394671,2021-12-21 00:00:00,36.479538320610686,218.68082442748093
653,2020-12-21 00:00:00,35.56014030579468,217.47125786971606,2021-12-22 00:00:00,37.22461700497894,203.34367419890208
654,2020-12-22 00:00:00,35.1821421913836,220.4264188069594,2021-12-27 00:00:00,31.82,149.42857142857142
655,2020-12-23 00:00:00,35.16377773101665,216.66861059339865,2021-12-28 00:00:00,34.6452205636627,219.3452712487468
656,2020-12-24 00:00:00,37.64092143173759,186.89256427304966,2021-12-29 00:00:00,36.90756968641115,196.09376756209957
657,2020-12-25 00:00:00,40.7733359170623,164.89235539191938,2021-12-30 00:00:00,38.05445323203388,202.21543778801842
658,2020-12-26 00:00:00,41.368083106722004,168.10376413339057,2021-12-31 00:00:00,41.29678703987944,190.5804705160048
659,2020-12-27 00:00:00,42.009591187401405,162.3548033475041,2022-01-01 00:00:00,39.24942671586716,208.11421402214023
660,2020-12-28 00:00:00,39.3013425081103,186.98271492295214,2022-01-02 00:00:00,40.11931888888889,213.10630555555556
661,2020-12-29 00:00:00,38.610324270708816,195.670795289809,2022-01-03 00:00:00,39.01012723247232,210.55078966789668
662,2020-12-30 00:00:00,38.64953695255475,185.35153081914032,2022-01-04 00:00:00,38.654859094076656,216.07754703832754
663,2020-12-31 00:00:00,39.97959930048662,173.01548560421736,2022-01-05 00:00:00,35.760108527131784,245.58161240310076
664,2021-01-01 00:00:00,42.20742538311614,166.1951312722131,2022-01-06 00:00:00,36.6655381184669,236.47264111498257
665,2021-01-02 00:00:00,40.63187956204379,168.64642927599132,2022-01-07 00:00:00,36.10278022813688,229.69444866920153
666,2021-01-03 00:00:00,41.38388181108088,168.09801492175507,2022-01-08 00:00:00,39.45049087108014,215.146787456446
667,2021-01-04 00:00:00,39.6342869174621,173.25419835638814,2022-01-09 00:00:00,39.19997826771654,228.9687244094488
668,2021-01-05 00:00:00,39.76703207264033,176.94696950428568,2022-01-10 00:00:00,36.5974243902439,238.1997212543554
669,2021-01-06 00:00:00,39.168991788321165,197.25646289537713,2022-01-11 00:00:00,37.617962390438244,223.05211155378487
670,2021-01-07 00:00:00,38.557869525547446,197.50012672343877,2022-01-12 00:00:00,37.35366745644599,226.81226480836236
671,2021-01-08 00:00:00,38.86367735700298,186.3964749866477,2022-01-13 00:00:00,38.791866666666664,206.663311827957
